formation_date,n_universe,n_winners,n_losers,winners,losers
2015-10-31,154,16,16,"['AMZN', 'AOS', 'BKNG', 'CIEN', 'CTSH', 'EBAY', 'EXPE', 'FIX', 'MPWR', 'NCLH', 'NFLX', 'TKO', 'V', 'VLO', 'VMC', 'VRSN']","['DECK', 'FCX', 'GNRC', 'KKR', 'MOS', 'MRVL', 'MU', 'NRG', 'PSKY', 'PWR', 'STX', 'TRGP', 'VTR', 'VTRS', 'WDC', 'WYNN']"
2015-11-30,154,16,16,"['ADSK', 'AMZN', 'FIX', 'GOOG', 'GOOGL', 'LDOS', 'LII', 'MAS', 'MNST', 'MPWR', 'MSFT', 'NOC', 'PODD', 'TKO', 'VLO', 'VRSN']","['ADM', 'AES', 'BX', 'CF', 'DVN', 'FCX', 'KKR', 'MOS', 'MU', 'NEM', 'QCOM', 'TRGP', 'VTRS', 'WMB', 'WYNN', 'ZBRA']"
2015-12-31,154,16,16,"['ADSK', 'AMD', 'AMZN', 'FIX', 'FSLR', 'GOOG', 'GOOGL', 'KLAC', 'LDOS', 'MAS', 'MGM', 'MPWR', 'MSFT', 'NOC', 'PODD', 'VRSN']","['AES', 'BEN', 'BX', 'CF', 'DVN', 'FCX', 'GNRC', 'KKR', 'MOS', 'MU', 'NEM', 'PNR', 'TRGP', 'WMB', 'WYNN', 'ZBRA']"
2016-01-31,154,16,16,"['ALGN', 'AMD', 'AMZN', 'FSLR', 'GDDY', 'GOOG', 'GOOGL', 'HII', 'KLAC', 'LDOS', 'LHX', 'MPWR', 'MSFT', 'NEM', 'TXN', 'VRSN']","['BX', 'CF', 'DVN', 'FCX', 'HLT', 'KKR', 'KMI', 'MOS', 'MS', 'MU', 'PFG', 'TRGP', 'VRTX', 'WMB', 'WYNN', 'ZBRA']"
2016-02-29,154,16,16,"['ALB', 'AMAT', 'AMD', 'DD', 'FSLR', 'GDDY', 'HII', 'INTU', 'KLAC', 'LUV', 'MPWR', 'MSCI', 'MSFT', 'OMC', 'TRMB', 'VRSN']","['BLDR', 'C', 'CF', 'COP', 'DVN', 'FCX', 'INCY', 'KKR', 'MOS', 'MPC', 'MS', 'MU', 'PKG', 'TRGP', 'VRTX', 'WMB']"
2016-03-31,154,16,16,"['ADSK', 'ALB', 'AMAT', 'AMD', 'AVY', 'GDDY', 'HSIC', 'KLAC', 'LVS', 'PPG', 'PSKY', 'SHW', 'TRMB', 'TTWO', 'WST', 'WYNN']","['AMP', 'BAC', 'C', 'CF', 'DVN', 'INCY', 'MPC', 'MS', 'MU', 'NOW', 'PFG', 'REGN', 'STT', 'TRGP', 'VRTX', 'WMB']"
2016-04-30,155,16,16,"['ALB', 'AMAT', 'AMCR', 'AMD', 'APA', 'CPRT', 'EMR', 'FCX', 'NRG', 'NUE', 'PSKY', 'SPGI', 'STLD', 'VTR', 'WST', 'WYNN']","['AAPL', 'CBRE', 'CF', 'CIEN', 'MPC', 'MU', 'NCLH', 'NTAP', 'NWSA', 'RCL', 'REGN', 'TRGP', 'UAL', 'VRTX', 'WMB', 'ZBRA']"
2016-05-31,155,16,16,"['ALB', 'AMAT', 'AMCR', 'AMD', 'APA', 'CHTR', 'CPRT', 'FCX', 'NDSN', 'NRG', 'NUE', 'OKE', 'STLD', 'VTR', 'WST', 'WYNN']","['APTV', 'CBRE', 'CF', 'CIEN', 'DVN', 'MPC', 'MS', 'MU', 'NCLH', 'PANW', 'REGN', 'SWKS', 'UAL', 'VRTX', 'WMB', 'ZBRA']"
2016-06-30,155,16,16,"['AES', 'ALB', 'AMAT', 'AMD', 'AXON', 'CPRT', 'FCX', 'HAL', 'NDSN', 'NRG', 'NVDA', 'OKE', 'STLD', 'TRGP', 'VTR', 'WYNN']","['APTV', 'BAC', 'CBRE', 'INCY', 'IVZ', 'MPC', 'NCLH', 'NFLX', 'NOW', 'PODD', 'RCL', 'REGN', 'SCHW', 'UAL', 'VRTX', 'ZBRA']"
2016-07-31,156,16,16,"['ALB', 'AMAT', 'AMD', 'ARES', 'AXON', 'BLDR', 'CPRT', 'FCX', 'HPE', 'HPQ', 'OKE', 'PKG', 'STLD', 'TRGP', 'URI', 'VEEV']","['AIG', 'CF', 'DIS', 'GILD', 'IVZ', 'LUV', 'LYB', 'MET', 'MPC', 'NCLH', 'NFLX', 'RCL', 'ROP', 'UAL', 'WBD', 'ZBRA']"
2016-08-31,156,16,16,"['ALB', 'AMAT', 'AMD', 'ARES', 'BLDR', 'DHR', 'DVN', 'HPE', 'MU', 'NVDA', 'OKE', 'PKG', 'TRGP', 'URI', 'VEEV', 'WMB']","['BEN', 'CF', 'CIEN', 'DIS', 'EXPE', 'F', 'GILD', 'KLAC', 'LYB', 'NCLH', 'NFLX', 'RCL', 'REGN', 'SHW', 'UAL', 'WBD']"
2016-09-30,156,16,16,"['AMAT', 'AMD', 'AMZN', 'ANET', 'AXON', 'DHR', 'DVN', 'EBAY', 'MU', 'NVDA', 'OKE', 'PKG', 'QCOM', 'TRGP', 'VEEV', 'WMB']","['BEN', 'BX', 'CF', 'F', 'FIX', 'GILD', 'IBKR', 'LEN', 'LUV', 'MOS', 'NCLH', 'NRG', 'PPG', 'RCL', 'UAL', 'XYZ']"
2016-10-31,156,16,16,"['AMAT', 'AMD', 'DHR', 'HPE', 'LVS', 'MU', 'NDSN', 'NFLX', 'NTAP', 'NVDA', 'OKE', 'PFG', 'PTC', 'STX', 'VEEV', 'WMB']","['AMGN', 'APTV', 'BLDR', 'CBRE', 'CF', 'F', 'FCX', 'GILD', 'IBKR', 'LUV', 'MOS', 'NCLH', 'PPG', 'TSLA', 'VRTX', 'XYZ']"
2016-11-30,156,16,16,"['AMD', 'BAC', 'CFG', 'DHR', 'LDOS', 'LITE', 'MRVL', 'MS', 'MU', 'NTAP', 'NVDA', 'STX', 'UAL', 'URI', 'WMB', 'ZBRA']","['CRM', 'DHI', 'FTNT', 'GILD', 'GPN', 'IBKR', 'IRM', 'LOW', 'MCK', 'NCLH', 'NRG', 'PPG', 'SW', 'TSLA', 'VRTX', 'ZBH']"
2016-12-31,156,16,16,"['AMD', 'BAC', 'CFG', 'DHR', 'GS', 'KEY', 'LITE', 'MS', 'MU', 'NVDA', 'RF', 'SCHW', 'STX', 'UAL', 'URI', 'ZBRA']","['BXP', 'CSGP', 'DHI', 'DVA', 'FTNT', 'GILD', 'LEN', 'LOW', 'MCK', 'NRG', 'PHM', 'PPG', 'VRTX', 'WAT', 'WDAY', 'WSM']"
2017-01-31,156,16,16,"['AMD', 'BAC', 'CF', 'CFG', 'CSX', 'KEY', 'MS', 'MU', 'NTAP', 'NVDA', 'RF', 'TRGP', 'UAL', 'URI', 'WDC', 'ZBRA']","['AMGN', 'AXON', 'BLDR', 'DHI', 'DVA', 'GILD', 'LOW', 'MAS', 'MCK', 'PLD', 'PNR', 'REGN', 'VRTX', 'WAT', 'WSM', 'ZBH']"
2017-02-28,156,16,16,"['AMD', 'BAC', 'CFG', 'CSX', 'INCY', 'NCLH', 'NRG', 'NVDA', 'ON', 'PWR', 'RCL', 'STLD', 'STX', 'UAL', 'URI', 'XYZ']","['AMCR', 'BLDR', 'DECK', 'DLTR', 'DOC', 'EQT', 'GPC', 'MCK', 'NWS', 'NWSA', 'PNR', 'RL', 'SPG', 'TSCO', 'WSM', 'ZBH']"
2017-03-31,156,16,16,"['AMD', 'APO', 'BAC', 'BG', 'CFG', 'CSX', 'INCY', 'LRCX', 'NCLH', 'NRG', 'NVDA', 'STLD', 'TSLA', 'UAL', 'URI', 'XYZ']","['AES', 'APA', 'AXON', 'BIIB', 'DOC', 'DVN', 'EQT', 'EXR', 'GPC', 'MCK', 'NWS', 'NWSA', 'REGN', 'SPG', 'WDAY', 'ZBH']"
2017-04-30,156,16,16,"['ALGN', 'AMD', 'AMP', 'ANET', 'APO', 'BAC', 'BLDR', 'CSX', 'ELV', 'INCY', 'NRG', 'NVDA', 'URI', 'VRTX', 'XYZ', 'ZBRA']","['BIIB', 'DG', 'DOC', 'DVN', 'GWW', 'IBKR', 'IBM', 'JCI', 'KMI', 'LULU', 'NWS', 'NWSA', 'SYF', 'TSCO', 'VTRS', 'WDAY']"
2017-05-31,157,16,16,"['A', 'ALGN', 'AMAT', 'ANET', 'APO', 'APTV', 'CSX', 'LITE', 'MTD', 'NRG', 'NVDA', 'TTWO', 'VEEV', 'VRTX', 'WAT', 'XYZ']","['AXON', 'BIIB', 'DLTR', 'DVN', 'FCX', 'GWW', 'J', 'JBHT', 'KMI', 'LULU', 'LYB', 'MOS', 'PWR', 'SYF', 'TSCO', 'WSM']"
2017-06-30,157,16,16,"['ALGN', 'ANET', 'APO', 'BLDR', 'CSX', 'LITE', 'MTD', 'NRG', 'SPGI', 'TTD', 'TTWO', 'VEEV', 'VRTX', 'WAT', 'WDAY', 'XYZ']","['CF', 'COF', 'DLTR', 'DVN', 'FAST', 'FCX', 'GS', 'GWW', 'IBM', 'JBHT', 'KMI', 'LULU', 'MOS', 'PWR', 'SYF', 'TSCO']"
2017-07-31,157,16,16,"['ALGN', 'AMD', 'ANET', 'BLDR', 'IDXX', 'LITE', 'MSCI', 'MTD', 'NRG', 'NVDA', 'REGN', 'TTD', 'TTWO', 'VEEV', 'VRTX', 'XYZ']","['CF', 'CMG', 'DVN', 'DXCM', 'FAST', 'FCX', 'GPC', 'GWW', 'IBM', 'MOS', 'ORLY', 'ROST', 'SPG', 'STX', 'SYF', 'TSCO']"
2017-08-31,158,16,16,"['A', 'ALGN', 'AMAT', 'ANET', 'BLDR', 'CDNS', 'CSGP', 'NRG', 'NVDA', 'NVR', 'REGN', 'TTD', 'TTWO', 'VEEV', 'VRTX', 'XYZ']","['AXON', 'CAH', 'CIEN', 'CMG', 'COF', 'DVA', 'DVN', 'GWW', 'IBM', 'MOS', 'STX', 'SYF', 'TRGP', 'TSCO', 'UAL', 'VTRS']"
2017-09-30,158,16,16,"['ALGN', 'AMAT', 'ANET', 'CAT', 'CI', 'CSGP', 'IBKR', 'IEX', 'NRG', 'NVDA', 'NVR', 'SW', 'TROW', 'TTD', 'VRTX', 'XYZ']","['AMD', 'BG', 'CAH', 'CMG', 'DVA', 'DVN', 'GWW', 'IBM', 'INCY', 'MOS', 'OMC', 'SJM', 'STX', 'TRGP', 'UAL', 'VTRS']"
2017-10-31,158,16,16,"['ABBV', 'ALB', 'AMAT', 'ANET', 'AVY', 'CAT', 'CF', 'IBKR', 'LITE', 'NRG', 'NVDA', 'ON', 'TROW', 'TTD', 'URI', 'XYZ']","['AMD', 'APA', 'BG', 'CAH', 'CMG', 'DOC', 'DVA', 'KMB', 'KMI', 'MOS', 'OMC', 'ORLY', 'SJM', 'T', 'TRGP', 'UAL']"
2017-11-30,158,16,16,"['AMP', 'BA', 'CAT', 'CF', 'COHR', 'DLTR', 'IBKR', 'LYB', 'NTAP', 'NVDA', 'ODFL', 'SYF', 'TDY', 'TROW', 'URI', 'XYZ']","['APA', 'BG', 'BKR', 'CAH', 'CMCSA', 'CMG', 'DPZ', 'HAS', 'HWM', 'INCY', 'KR', 'OMC', 'SLB', 'TTD', 'UAL', 'ULTA']"
2017-12-31,158,16,16,"['AMP', 'ANET', 'BA', 'BF-B', 'COHR', 'CPRT', 'DHI', 'FSLR', 'NRG', 'NTAP', 'ODFL', 'PHM', 'ROST', 'TKO', 'URI', 'XYZ']","['AMD', 'BG', 'BKNG', 'CAH', 'CIEN', 'CMG', 'DOC', 'DPZ', 'HAS', 'KHC', 'LITE', 'MDT', 'TTD', 'UAL', 'UHS', 'ULTA']"
2018-01-31,158,16,16,"['AMZN', 'ANET', 'AZO', 'BA', 'CHRW', 'CPRT', 'GWW', 'MRVL', 'NTAP', 'ODFL', 'ROST', 'STX', 'TDY', 'TKO', 'URI', 'XYZ']","['AIZ', 'CAH', 'CHD', 'CIEN', 'CMG', 'DOC', 'EIX', 'HAS', 'KHC', 'LITE', 'NI', 'SO', 'SRE', 'SWKS', 'TTD', 'ULTA']"
2018-02-28,159,16,16,"['ABBV', 'ALGN', 'AMZN', 'ANET', 'AXON', 'BA', 'CSCO', 'GWW', 'NFLX', 'NTAP', 'NVDA', 'STX', 'TGT', 'TKO', 'URI', 'XYZ']","['AIG', 'AMD', 'APA', 'CB', 'CDNS', 'CMG', 'COO', 'CVS', 'EIX', 'FE', 'HAS', 'HWM', 'KHC', 'MCK', 'MDT', 'SMCI']"
2018-03-31,159,16,16,"['ALGN', 'AMZN', 'ANET', 'CSGP', 'FSLR', 'GWW', 'KDP', 'MPC', 'NFLX', 'NTAP', 'ODFL', 'ON', 'PODD', 'PTC', 'STX', 'XYZ']","['AIG', 'AMD', 'APA', 'BIIB', 'BKR', 'CHTR', 'CMCSA', 'CVS', 'DVN', 'EXPE', 'GIS', 'HSIC', 'KHC', 'SMCI', 'UPS', 'WMB']"
2018-04-30,159,16,16,"['AMZN', 'ANET', 'BA', 'CPAY', 'FSLR', 'GWW', 'HCA', 'KDP', 'NFLX', 'NKE', 'NTAP', 'ROST', 'STX', 'TGT', 'VLO', 'XYZ']","['AIG', 'BIIB', 'CASY', 'CHTR', 'CI', 'CMCSA', 'GIS', 'GM', 'HWM', 'KHC', 'MMM', 'MTD', 'RCL', 'ROK', 'TRMB', 'WST']"
2018-05-31,159,16,16,"['ALGN', 'AMD', 'AMZN', 'BA', 'CSGP', 'EA', 'GWW', 'HCA', 'KDP', 'NFLX', 'NVDA', 'ON', 'OXY', 'STX', 'TGT', 'XYZ']","['CASY', 'CBOE', 'CHTR', 'CI', 'CMCSA', 'DHI', 'DLTR', 'GIS', 'HWM', 'IVZ', 'KHC', 'LEN', 'MMM', 'MNST', 'MO', 'TRMB']"
2018-06-30,159,16,16,"['ALGN', 'AMD', 'AMZN', 'EA', 'FICO', 'GWW', 'IDXX', 'ISRG', 'KDP', 'NFLX', 'NKE', 'NTAP', 'STX', 'TKO', 'TPL', 'XYZ']","['AMP', 'BLDR', 'CI', 'CMCSA', 'CMI', 'DHI', 'DLTR', 'GIS', 'HUBB', 'HWM', 'ITW', 'KHC', 'LEN', 'PH', 'PRU', 'TRMB']"
2018-07-31,159,16,16,"['ALGN', 'AMD', 'AMZN', 'FICO', 'GWW', 'HCA', 'IDXX', 'ISRG', 'KDP', 'NFLX', 'NTAP', 'RL', 'TDG', 'TKO', 'TPL', 'XYZ']","['CBOE', 'CHTR', 'CMI', 'DLTR', 'FSLR', 'GIS', 'HAL', 'HWM', 'IR', 'KHC', 'MCK', 'NCLH', 'STT', 'SYF', 'TRMB', 'URI']"
2018-08-31,159,16,16,"['ALGN', 'AMD', 'DVN', 'FICO', 'FIX', 'GWW', 'HCA', 'IDXX', 'JKHY', 'NTAP', 'ORLY', 'TKO', 'TPL', 'TSCO', 'WST', 'XYZ']","['ABBV', 'BG', 'BLDR', 'BLK', 'CMI', 'DLTR', 'IP', 'IR', 'ITW', 'KHC', 'MGM', 'MRVL', 'NWS', 'NWSA', 'ON', 'URI']"
2018-09-30,159,16,16,"['ALGN', 'AMD', 'AMZN', 'FIX', 'HCA', 'ISRG', 'KKR', 'NTAP', 'ORLY', 'TKO', 'TPL', 'TSCO', 'TTD', 'TTWO', 'WST', 'XYZ']","['AOS', 'CBOE', 'CFG', 'CMI', 'DLTR', 'IP', 'IR', 'ITW', 'KHC', 'LEN', 'MAS', 'MGM', 'MRVL', 'ON', 'STX', 'TER']"
2018-10-31,159,16,16,"['AMD', 'CASY', 'CDW', 'DXCM', 'FIX', 'HCA', 'IQV', 'J', 'JKHY', 'KDP', 'TKO', 'TPL', 'TSCO', 'TTD', 'TTWO', 'XYZ']","['ABBV', 'AOS', 'DHI', 'LEN', 'LVS', 'MAS', 'MCHP', 'MGM', 'MRVL', 'NCLH', 'ON', 'PHM', 'SMCI', 'STX', 'URI', 'VTRS']"
2018-11-30,159,16,16,"['AMD', 'AZO', 'CNC', 'CVNA', 'CVS', 'DXCM', 'HCA', 'HWM', 'KR', 'LULU', 'ORLY', 'REGN', 'TKO', 'TTD', 'VEEV', 'WDAY']","['ALGN', 'BKR', 'BLDR', 'DVN', 'EA', 'EQT', 'FLEX', 'LVS', 'NVDA', 'SLB', 'SMCI', 'SW', 'URI', 'VLO', 'WDC', 'WY']"
2018-12-31,159,16,16,"['A', 'AMD', 'AZO', 'COO', 'DXCM', 'FAST', 'GLW', 'HCA', 'ORLY', 'REGN', 'RMD', 'TMO', 'TTD', 'VEEV', 'WDAY', 'ZBRA']","['ALGN', 'APA', 'BKR', 'BLDR', 'DVN', 'EA', 'EQT', 'FCX', 'FLEX', 'MU', 'NVDA', 'SLB', 'SMCI', 'SW', 'WDC', 'WY']"
2019-01-31,159,16,16,"['ADSK', 'AMD', 'CRM', 'DXCM', 'EW', 'FICO', 'HCA', 'KEYS', 'LULU', 'ORLY', 'RVTY', 'TTD', 'ULTA', 'VEEV', 'WDAY', 'ZBRA']","['ALGN', 'APA', 'BLDR', 'CAG', 'DVN', 'EA', 'EOG', 'FDX', 'FLEX', 'MU', 'NVDA', 'SLB', 'SMCI', 'TXT', 'WAB', 'WDC']"
2019-02-28,159,16,16,"['ARES', 'CHTR', 'CRL', 'GEN', 'INCY', 'KEYS', 'KMI', 'MTD', 'NOW', 'TDG', 'TTD', 'ULTA', 'UNP', 'VEEV', 'VRSN', 'WDAY']","['ALGN', 'APA', 'CVNA', 'DVN', 'FDX', 'FLEX', 'HAL', 'MPC', 'MU', 'NVDA', 'SLB', 'TRGP', 'VLO', 'VTRS', 'WAB', 'WY']"
2019-03-31,159,16,16,"['ANET', 'CMG', 'FICO', 'INCY', 'KEYS', 'KLAC', 'LRCX', 'MTD', 'NOW', 'SNPS', 'TDG', 'TTD', 'ULTA', 'VEEV', 'WDAY', 'ZBRA']","['ALGN', 'APA', 'BIIB', 'CNC', 'DVA', 'EOG', 'FANG', 'FDX', 'HAL', 'NVDA', 'SLB', 'TXT', 'URI', 'VLO', 'WAB', 'XYZ']"
2019-04-30,159,16,16,"['ALGN', 'AMD', 'CVNA', 'FICO', 'FSLR', 'KEYS', 'LRCX', 'MCHP', 'MSCI', 'NOW', 'SMCI', 'TDG', 'TTD', 'VEEV', 'WDAY', 'WYNN']","['APA', 'BIIB', 'CAG', 'CNC', 'DVA', 'DXCM', 'FDX', 'HAL', 'MOS', 'NVDA', 'OXY', 'SLB', 'STLD', 'TRGP', 'VTRS', 'WAB']"
2019-05-31,159,16,16,"['AMD', 'CSGP', 'CVNA', 'FICO', 'FSLR', 'GE', 'IR', 'META', 'MSCI', 'NOW', 'SMCI', 'SNPS', 'SYF', 'TPL', 'TTD', 'VEEV']","['APA', 'BIIB', 'CAH', 'CNC', 'DVA', 'EOG', 'FDX', 'HAL', 'MOS', 'NUE', 'SLB', 'STLD', 'STT', 'TXT', 'VTRS', 'WAB']"
2019-06-30,159,16,16,"['AMD', 'ARES', 'BLDR', 'BX', 'CSGP', 'CVNA', 'FICO', 'FSLR', 'HWM', 'IR', 'LDOS', 'MSCI', 'NOW', 'TER', 'TTD', 'VEEV']","['CCL', 'DD', 'DELL', 'FDX', 'GWW', 'HAL', 'MOS', 'MPC', 'NTAP', 'STLD', 'STT', 'TKO', 'TPR', 'UAL', 'VTRS', 'WAB']"
2019-07-31,159,16,16,"['ARES', 'BX', 'CAG', 'CSGP', 'CVNA', 'FICO', 'GNRC', 'HAS', 'IR', 'MCO', 'MRVL', 'MSCI', 'QCOM', 'TER', 'TTD', 'VEEV']","['A', 'ALGN', 'APA', 'CCL', 'EOG', 'FIX', 'HAL', 'LUV', 'MOS', 'MPC', 'NUE', 'STLD', 'STT', 'TPR', 'TXT', 'VTRS']"
2019-08-31,159,16,16,"['AMD', 'APO', 'BLDR', 'BX', 'CMG', 'CSGP', 'CVNA', 'EFX', 'FICO', 'GNRC', 'HAS', 'HWM', 'QCOM', 'SNPS', 'VEEV', 'WST']","['ALB', 'ALGN', 'APA', 'CCL', 'DVN', 'FCX', 'FIX', 'HAL', 'MOS', 'SLB', 'STLD', 'STT', 'TPR', 'ULTA', 'VTRS', 'XYZ']"
2019-09-30,160,16,16,"['AMAT', 'APO', 'BLDR', 'BX', 'CSGP', 'GNRC', 'HAS', 'HWM', 'JBL', 'KLAC', 'LRCX', 'MRVL', 'NXPI', 'TER', 'WDC', 'WST']","['ALGN', 'ANET', 'APA', 'DVN', 'EOG', 'FCX', 'FDX', 'FTV', 'HAL', 'MOS', 'NFLX', 'OXY', 'RL', 'SLB', 'ULTA', 'VTRS']"
2019-10-31,160,16,16,"['AMAT', 'AMD', 'APO', 'ARES', 'BLDR', 'BX', 'GNRC', 'HWM', 'JBL', 'KKR', 'KLAC', 'LRCX', 'MAS', 'ODFL', 'STX', 'TER']","['ALGN', 'ANET', 'APA', 'DVN', 'EOG', 'HAL', 'IVZ', 'MOS', 'NFLX', 'NTAP', 'OXY', 'RL', 'SLB', 'TPL', 'ULTA', 'VTRS']"
2019-11-30,160,16,16,"['AMAT', 'APO', 'APTV', 'BLDR', 'BX', 'CVNA', 'DVA', 'JBL', 'KLAC', 'LITE', 'LRCX', 'NVDA', 'STX', 'SWKS', 'TER', 'ZBRA']","['ANET', 'APA', 'BEN', 'CCL', 'COHR', 'DVN', 'EOG', 'FANG', 'IVZ', 'MOS', 'NFLX', 'PCG', 'PSKY', 'TPL', 'ULTA', 'WMB']"
2019-12-31,161,16,17,"['AAPL', 'AMD', 'APO', 'ARES', 'BLDR', 'CVNA', 'DXCM', 'FTNT', 'KLAC', 'LITE', 'LRCX', 'MU', 'NVDA', 'STT', 'SWKS', 'TER']","['ANET', 'APA', 'BA', 'DD', 'EOG', 'FANG', 'FSLR', 'IVZ', 'MOS', 'NFLX', 'PCG', 'PSKY', 'TPR', 'TXT', 'ULTA', 'WMB', 'XYZ']"
2020-01-31,161,16,17,"['ADSK', 'AMD', 'APO', 'DVA', 'DXCM', 'FTNT', 'GEN', 'JBL', 'LITE', 'LRCX', 'LULU', 'NVDA', 'SMCI', 'STT', 'STX', 'SWKS']","['ANET', 'BEN', 'COHR', 'CSCO', 'DD', 'DVN', 'EBAY', 'FFIV', 'FSLR', 'GM', 'HAS', 'MOS', 'OXY', 'PCG', 'PSKY', 'UAL', 'ULTA']"
2020-02-29,161,16,17,"['AAPL', 'ADSK', 'ALB', 'DVA', 'FTNT', 'GE', 'GEN', 'LITE', 'LRCX', 'NVDA', 'PCG', 'SMCI', 'STT', 'SWKS', 'TSLA', 'XYZ']","['BKR', 'CF', 'COHR', 'DAL', 'DD', 'DVN', 'F', 'FANG', 'FSLR', 'GM', 'HAS', 'PSKY', 'PSX', 'TKO', 'UAL', 'UPS', 'XOM']"
2020-03-31,162,17,17,"['AAPL', 'BLK', 'CAG', 'CDNS', 'CIEN', 'DVA', 'FTNT', 'INTC', 'LITE', 'LRCX', 'LULU', 'MPWR', 'MTD', 'MU', 'NVDA', 'SWKS', 'TSLA']","['APA', 'BKR', 'CCL', 'DAL', 'DD', 'DVN', 'EOG', 'FANG', 'HAL', 'MGM', 'MPC', 'NCLH', 'OXY', 'PSKY', 'RCL', 'SLB', 'UAL']"
2020-04-30,162,17,17,"['ADI', 'ALB', 'APO', 'BBY', 'BX', 'CVNA', 'LITE', 'MU', 'PCG', 'QCOM', 'ROK', 'SWKS', 'TER', 'TPL', 'TSLA', 'TTD', 'XYZ']","['AIG', 'BA', 'CCL', 'DAL', 'EXPE', 'FANG', 'KIM', 'MPC', 'NCLH', 'OKE', 'OXY', 'PSKY', 'RCL', 'SPG', 'TRGP', 'UAL', 'VTR']"
2020-05-31,162,17,17,"['ADSK', 'ALB', 'APO', 'CMG', 'DECK', 'DGX', 'EBAY', 'EQT', 'LOW', 'PCG', 'ROK', 'SWKS', 'TSLA', 'TTD', 'VRT', 'WSM', 'XYZ']","['APA', 'BA', 'CCL', 'DAL', 'DVN', 'IVZ', 'KIM', 'NCLH', 'OXY', 'PSKY', 'RCL', 'SLB', 'SPG', 'TPR', 'TRGP', 'UAL', 'WFC']"
2020-06-30,162,17,17,"['ADSK', 'CMG', 'COHR', 'CRL', 'CVNA', 'DDOG', 'DECK', 'EBAY', 'LOW', 'LULU', 'PYPL', 'TSLA', 'TTD', 'VRT', 'WDAY', 'WSM', 'XYZ']","['APA', 'CCL', 'DAL', 'DVN', 'FANG', 'HAL', 'MGM', 'NCLH', 'OKE', 'OXY', 'RCL', 'SLB', 'SPG', 'TPR', 'TRGP', 'UAL', 'WYNN']"
2020-07-31,162,17,17,"['ADSK', 'CMG', 'CRL', 'CVNA', 'DDOG', 'EBAY', 'EQT', 'FSLR', 'LOW', 'LULU', 'MAS', 'PYPL', 'SWKS', 'TSLA', 'TTD', 'WSM', 'XYZ']","['APA', 'BA', 'CCL', 'DAL', 'DVN', 'FANG', 'MGM', 'NCLH', 'OKE', 'OXY', 'RCL', 'SLB', 'SPG', 'TPR', 'TRGP', 'UAL', 'WYNN']"
2020-08-31,162,17,17,"['BBY', 'CMG', 'CVNA', 'DDOG', 'EBAY', 'EQT', 'FCX', 'FSLR', 'LOW', 'LULU', 'MAS', 'PYPL', 'SWKS', 'TSLA', 'TTD', 'WSM', 'XYZ']","['APA', 'BA', 'CCL', 'DVN', 'FANG', 'FRT', 'NCLH', 'OKE', 'OXY', 'PCG', 'RL', 'SLB', 'SPG', 'TPR', 'TRGP', 'UAL', 'WDC']"
2020-09-30,162,17,17,"['APA', 'BLDR', 'CVNA', 'DDOG', 'DHI', 'FCX', 'LEN', 'PHM', 'PSKY', 'PYPL', 'RCL', 'TRGP', 'TSLA', 'TTD', 'VRT', 'WSM', 'XYZ']","['C', 'COP', 'CVX', 'DAL', 'EOG', 'FRT', 'HIG', 'LVS', 'MTB', 'OXY', 'PCG', 'PSX', 'REG', 'RL', 'RTX', 'VLO', 'XOM']"
2020-10-31,162,17,17,"['ALB', 'ALGN', 'BLDR', 'CRL', 'CVNA', 'DDOG', 'DECK', 'FCX', 'FSLR', 'GM', 'MOS', 'ON', 'PSKY', 'TSLA', 'TTD', 'VRT', 'XYZ']","['APA', 'COP', 'CVX', 'DVN', 'EOG', 'FANG', 'FRT', 'IFF', 'OXY', 'PSX', 'REG', 'RTX', 'TKO', 'TPL', 'VLO', 'WYNN', 'XOM']"
2020-11-30,162,17,17,"['ALB', 'ALGN', 'BLDR', 'CVNA', 'FCX', 'FLEX', 'FSLR', 'GM', 'HWM', 'MOS', 'NXPI', 'ON', 'PSKY', 'TPR', 'TSLA', 'TTD', 'XYZ']","['APO', 'AZO', 'COP', 'CVX', 'EOG', 'FANG', 'FOX', 'FOXA', 'GDDY', 'IFF', 'NRG', 'PSX', 'TKO', 'TPL', 'VLO', 'VST', 'XOM']"
2020-12-31,163,17,17,"['ALB', 'ALGN', 'APTV', 'BLDR', 'CVNA', 'FCX', 'FLEX', 'FSLR', 'HCA', 'HWM', 'IVZ', 'MGM', 'MOS', 'TPR', 'TSLA', 'TTD', 'XYZ']","['APA', 'APO', 'AVB', 'BXP', 'COP', 'CPAY', 'CVX', 'DGX', 'EOG', 'EQT', 'FRT', 'KMI', 'OXY', 'PSX', 'REG', 'VLO', 'XOM']"
2021-01-31,163,17,17,"['ALB', 'ALGN', 'APTV', 'CVNA', 'FCX', 'GM', 'IVZ', 'MGM', 'MOS', 'MRNA', 'ON', 'PSKY', 'TPR', 'TSLA', 'TTD', 'UBER', 'WBD']","['APA', 'APO', 'AVB', 'BXP', 'COP', 'CPAY', 'CTAS', 'CVX', 'DDOG', 'DGX', 'EFX', 'GPN', 'KMI', 'LULU', 'MA', 'PHM', 'VLO']"
2021-02-28,163,17,17,"['ALGN', 'AMAT', 'COHR', 'DVN', 'FANG', 'FCX', 'IVZ', 'MRNA', 'ON', 'OXY', 'PSKY', 'RF', 'TPL', 'TPR', 'TRGP', 'WBD', 'WDC']","['APO', 'BBY', 'CNP', 'CPRT', 'CTAS', 'DGX', 'DHI', 'ECL', 'EFX', 'FICO', 'FSLR', 'LULU', 'MA', 'NVR', 'PHM', 'STT', 'WDAY']"
2021-03-31,163,17,17,"['AMAT', 'APA', 'DVN', 'EOG', 'FANG', 'FCX', 'GM', 'HWM', 'OKE', 'ON', 'OXY', 'TPL', 'TPR', 'TRGP', 'WBD', 'WSM', 'ZBRA']","['APO', 'CMG', 'CPAY', 'CTAS', 'CTSH', 'DDOG', 'DGX', 'ECL', 'FICO', 'GDDY', 'GPN', 'LULU', 'MA', 'NVR', 'PHM', 'VRT', 'WDAY']"
2021-04-30,163,17,17,"['AMAT', 'APA', 'CCL', 'COF', 'DVN', 'EOG', 'FANG', 'FCX', 'KIM', 'MRNA', 'NWSA', 'OXY', 'RL', 'SPG', 'TPL', 'TRGP', 'WFC']","['AMD', 'APH', 'BF-B', 'CTAS', 'ECL', 'FAST', 'FIS', 'GDDY', 'LDOS', 'LULU', 'MRVL', 'PCG', 'PFE', 'ROP', 'SPGI', 'VTRS', 'WDAY']"
2021-05-31,163,17,17,"['AMAT', 'APA', 'DVN', 'EOG', 'FANG', 'FCX', 'FTNT', 'GS', 'MPC', 'OXY', 'SPG', 'STX', 'TPL', 'TRGP', 'VLO', 'WFC', 'XOM']","['ADSK', 'AMD', 'COHR', 'CPAY', 'DLTR', 'ECL', 'FIS', 'FISV', 'GDDY', 'GPN', 'LDOS', 'LULU', 'PCG', 'TTD', 'TTWO', 'UBER', 'VTRS']"
2021-06-30,163,17,17,"['AMAT', 'APA', 'COP', 'DVN', 'EOG', 'FANG', 'FTNT', 'IT', 'MPC', 'MRNA', 'OXY', 'SLB', 'SPG', 'TPL', 'TRGP', 'WFC', 'XOM']","['BKNG', 'COHR', 'CPAY', 'DIS', 'DLTR', 'ECL', 'FICO', 'FIS', 'FISV', 'GPN', 'LDOS', 'LVS', 'PCG', 'TJX', 'TSLA', 'TTD', 'UBER']"
2021-07-31,163,17,17,"['AMAT', 'AXP', 'CBRE', 'DVN', 'EFX', 'EOG', 'HCA', 'IT', 'MRNA', 'MS', 'MSCI', 'TPL', 'TRGP', 'TXT', 'UDR', 'WELL', 'WFC']","['COHR', 'DAL', 'DIS', 'DLTR', 'DVA', 'IBKR', 'LVS', 'PCG', 'PLTR', 'PTC', 'SYY', 'TAP', 'TSLA', 'UBER', 'WBD', 'WTW', 'WYNN']"
2021-08-31,163,17,17,"['ALB', 'ALLE', 'ANET', 'AVB', 'CSCO', 'DVN', 'EFX', 'EW', 'HCA', 'HIG', 'IT', 'MRNA', 'MS', 'NTAP', 'TRGP', 'TXT', 'UDR']","['CCL', 'COHR', 'DAL', 'EXPE', 'GPN', 'LUV', 'LVS', 'MU', 'NCLH', 'PCG', 'PSX', 'RCL', 'UAL', 'UBER', 'VLO', 'WBD', 'WYNN']"
2021-09-30,164,17,17,"['ALB', 'AMD', 'APO', 'CF', 'COP', 'DVN', 'EFX', 'EW', 'FANG', 'HCA', 'IT', 'MRNA', 'MS', 'NTAP', 'PANW', 'TRGP', 'TXT']","['BA', 'CAH', 'CI', 'DLTR', 'FICO', 'GLW', 'GPN', 'LUV', 'LVS', 'MU', 'PCG', 'TPL', 'UAL', 'UBER', 'WBD', 'WDC', 'WYNN']"
2021-10-31,164,17,17,"['ALB', 'AMD', 'ANET', 'APA', 'APO', 'BX', 'COP', 'CRWD', 'DVN', 'FANG', 'IT', 'MRNA', 'NUE', 'OXY', 'PANW', 'TRGP', 'TSLA']","['CAH', 'CCL', 'FDX', 'FICO', 'FIS', 'GLW', 'GPN', 'LUV', 'LVS', 'MU', 'PHM', 'TAP', 'TPR', 'UBER', 'WBD', 'WDC', 'WYNN']"
2021-11-30,164,17,17,"['ALB', 'AMD', 'ANET', 'BLDR', 'BX', 'COP', 'DLTR', 'DVN', 'FANG', 'IT', 'KKR', 'KLAC', 'MRNA', 'PANW', 'TRGP', 'TSLA', 'TTD']","['CCL', 'CI', 'CPAY', 'DAL', 'FDX', 'FICO', 'FIS', 'GPN', 'LUV', 'LVS', 'NCLH', 'RCL', 'UAL', 'UBER', 'UHS', 'WBD', 'WYNN']"
2021-12-31,164,17,17,"['ACN', 'AON', 'ARES', 'BRO', 'BX', 'CBRE', 'EXR', 'FIX', 'FTNT', 'HLT', 'HPQ', 'IT', 'JBHT', 'KKR', 'ODFL', 'PSA', 'UNH']","['C', 'CCL', 'CRWD', 'FDX', 'FICO', 'GNRC', 'GPN', 'IVZ', 'LUV', 'LVS', 'NCLH', 'PSX', 'PYPL', 'TPL', 'UAL', 'WYNN', 'XYZ']"
2022-01-31,165,17,17,"['ABBV', 'ACGL', 'AIG', 'AMP', 'APA', 'APO', 'BAC', 'BLDR', 'BRO', 'CHRW', 'FIX', 'MET', 'MOS', 'PSX', 'SCHW', 'VLO', 'WFC']","['ADSK', 'COIN', 'CRL', 'CRWD', 'DIS', 'GNRC', 'GPN', 'IDXX', 'ISRG', 'NCLH', 'ROST', 'TECH', 'TPL', 'TRMB', 'TT', 'UHS', 'WAT']"
2022-02-28,165,17,17,"['AIG', 'AVGO', 'BLDR', 'BRO', 'CI', 'CIEN', 'ELV', 'FCX', 'HLT', 'JBHT', 'LYV', 'MOS', 'RL', 'SCHW', 'STX', 'UNH', 'UNP']","['A', 'ADSK', 'ALGN', 'COIN', 'CRL', 'CRWD', 'CVNA', 'GNRC', 'NCLH', 'ROST', 'TRMB', 'TROW', 'VRT', 'WAT', 'XYL', 'XYZ', 'ZBRA']"
2022-03-31,165,17,17,"['ANET', 'ATO', 'BRO', 'CHRW', 'CSX', 'ELV', 'FCX', 'FIX', 'GWW', 'IRM', 'NUE', 'PLD', 'PSA', 'STLD', 'TSLA', 'UNH', 'UNP']","['ADSK', 'ALGN', 'ALLE', 'APP', 'APTV', 'COIN', 'CRL', 'EBAY', 'META', 'MSCI', 'PLTR', 'PNR', 'PYPL', 'SWK', 'TROW', 'VRT', 'XYL']"
2022-04-30,165,17,17,"['ANET', 'CB', 'CHRW', 'DG', 'ELV', 'ETR', 'EVRG', 'FCX', 'GWW', 'IRM', 'KIM', 'LLY', 'NUE', 'PLD', 'PSA', 'STLD', 'UNH']","['ADSK', 'ALGN', 'APP', 'APTV', 'COIN', 'CRL', 'IDXX', 'KKR', 'META', 'MSCI', 'NFLX', 'PLTR', 'PYPL', 'TROW', 'VRT', 'XYL', 'XYZ']"
2022-05-31,165,17,17,"['ABBV', 'AVGO', 'CAT', 'CCI', 'FCX', 'FICO', 'HUM', 'IRM', 'JBL', 'KR', 'LLY', 'MOS', 'NRG', 'NUE', 'PAYX', 'STLD', 'UNH']","['ALGN', 'APP', 'COIN', 'CVNA', 'DASH', 'DDOG', 'DXCM', 'GNRC', 'INTU', 'NFLX', 'NVDA', 'PLTR', 'PYPL', 'VRT', 'WDAY', 'XYZ', 'ZBRA']"
2022-06-30,165,17,17,"['ABBV', 'ALB', 'AMT', 'AON', 'FDX', 'FICO', 'HUM', 'IRM', 'KR', 'LLY', 'MOS', 'MRSH', 'NRG', 'NUE', 'STLD', 'UNH', 'WAT']","['ALGN', 'AMD', 'APP', 'COIN', 'CVNA', 'DASH', 'DDOG', 'IDXX', 'MRVL', 'NFLX', 'NVDA', 'PLTR', 'PYPL', 'VRT', 'WDAY', 'XYZ', 'ZBRA']"
2022-07-31,165,17,17,"['ADP', 'ALB', 'APA', 'CDNS', 'EIX', 'EQT', 'EXE', 'FIX', 'MOS', 'MPWR', 'NEE', 'NUE', 'ON', 'PAYX', 'SNPS', 'STLD', 'VST']","['ALGN', 'APP', 'CCL', 'COIN', 'CVNA', 'DASH', 'DDOG', 'META', 'NCLH', 'NFLX', 'PSKY', 'PYPL', 'RCL', 'VRT', 'WDAY', 'XYZ', 'ZBRA']"
2022-08-31,165,17,17,"['ADP', 'AES', 'ALB', 'CDNS', 'EQT', 'EXE', 'FIX', 'FSLR', 'GWW', 'HUBB', 'MSI', 'NRG', 'SMCI', 'SNPS', 'STLD', 'TPL', 'VST']","['ALGN', 'APP', 'CCL', 'COIN', 'CVNA', 'DASH', 'FCX', 'IDXX', 'MU', 'NCLH', 'NFLX', 'NVDA', 'PLTR', 'RCL', 'UHS', 'WBD', 'XYZ']"
2022-09-30,165,17,17,"['ADP', 'ALB', 'CDNS', 'EQT', 'EXE', 'FIX', 'FSLR', 'FTV', 'GWW', 'HUBB', 'IBKR', 'KEYS', 'NDAQ', 'ON', 'SMCI', 'TPL', 'TT']","['ALGN', 'AMD', 'APP', 'CCL', 'COHR', 'COIN', 'CVNA', 'DASH', 'EXPE', 'FCX', 'IDXX', 'NCLH', 'NVDA', 'PLTR', 'RCL', 'WBD', 'XYZ']"
2022-10-31,165,17,17,"['AES', 'ALB', 'AMP', 'DVN', 'EXE', 'FICO', 'FIX', 'FLEX', 'FSLR', 'GWW', 'KEYS', 'MSI', 'NFLX', 'ON', 'OXY', 'SMCI', 'TPL']","['ABNB', 'ALGN', 'APP', 'CCL', 'COHR', 'COIN', 'CVNA', 'DASH', 'EW', 'EXPE', 'GNRC', 'MRVL', 'PSKY', 'RCL', 'STX', 'WDC', 'XYZ']"
2022-11-30,165,17,17,"['AES', 'ANET', 'AXON', 'BA', 'DE', 'DXCM', 'FICO', 'FIX', 'FLEX', 'FSLR', 'GWW', 'MSI', 'NFLX', 'ROK', 'SMCI', 'TPL', 'VRT']","['ALGN', 'AMD', 'APP', 'BX', 'CCL', 'CHTR', 'COHR', 'COIN', 'CVNA', 'LITE', 'LYV', 'MRVL', 'MU', 'WBD', 'WDC', 'XYZ', 'ZBRA']"
2022-12-31,165,17,17,"['AXON', 'DE', 'DXCM', 'FICO', 'FLEX', 'FSLR', 'HCA', 'NFLX', 'RCL', 'ROST', 'SLB', 'SMCI', 'STLD', 'TPL', 'URI', 'VRT', 'XYL']","['ALGN', 'AMD', 'BX', 'CHTR', 'COHR', 'COIN', 'DASH', 'FDX', 'INTC', 'MRVL', 'MU', 'PSKY', 'STE', 'TRMB', 'WBD', 'WDC', 'ZBRA']"
2023-01-31,165,17,17,"['AXON', 'BA', 'FCX', 'FICO', 'FLEX', 'FSLR', 'GE', 'HAL', 'NFLX', 'RCL', 'ROST', 'SLB', 'SMCI', 'STLD', 'TPR', 'UAL', 'URI']","['AAPL', 'ADBE', 'AMD', 'AMZN', 'CF', 'CHTR', 'COHR', 'DASH', 'EQT', 'FDX', 'INTC', 'MRVL', 'TECH', 'TRMB', 'TSLA', 'WDC', 'ZBRA']"
2023-02-28,165,17,17,"['AXON', 'BLDR', 'FCX', 'FICO', 'FIX', 'GE', 'JBL', 'NFLX', 'NVDA', 'RCL', 'SLB', 'SMCI', 'STLD', 'UAL', 'URI', 'VRT', 'WYNN']","['ADBE', 'AMZN', 'APP', 'CHTR', 'CVNA', 'DIS', 'DVN', 'EQT', 'F', 'INTC', 'IP', 'NTAP', 'OXY', 'PYPL', 'TRMB', 'TSLA', 'WSM']"
2023-03-31,165,17,17,"['ALGN', 'AMD', 'AXON', 'BA', 'BKNG', 'CRH', 'FDX', 'FICO', 'FSLR', 'GE', 'NVDA', 'ORCL', 'RCL', 'SMCI', 'STLD', 'TPR', 'WYNN']","['ALB', 'AMZN', 'APP', 'BAC', 'CFG', 'CVNA', 'DVN', 'EQT', 'HOOD', 'MOS', 'MRVL', 'PRU', 'PYPL', 'TPL', 'TRMB', 'TSLA', 'WFC']"
2023-04-30,165,17,17,"['ALGN', 'AMD', 'AXON', 'BA', 'BKNG', 'BLDR', 'CMG', 'DASH', 'DHI', 'FDX', 'FICO', 'GE', 'LEN', 'NVDA', 'PHM', 'SMCI', 'WYNN']","['ALB', 'APA', 'BAC', 'CFG', 'COIN', 'CVNA', 'DVN', 'EQT', 'GM', 'HOOD', 'KEY', 'LUV', 'MOS', 'NCLH', 'SYF', 'TRMB', 'TSLA']"
2023-05-31,165,17,17,"['AMD', 'BLDR', 'COIN', 'CPRT', 'CRM', 'CVNA', 'FICO', 'GE', 'LRCX', 'MPWR', 'NFLX', 'NVDA', 'ORCL', 'PHM', 'RCL', 'SMCI', 'VRT']","['ALB', 'APA', 'BAC', 'CFG', 'DE', 'DVN', 'FIS', 'GEN', 'HAL', 'IVZ', 'LUV', 'MOS', 'MRNA', 'PSKY', 'TGT', 'TPL', 'TRMB']"
2023-06-30,165,17,17,"['ALGN', 'AMD', 'BLDR', 'CCL', 'COIN', 'CVNA', 'DASH', 'GE', 'JBL', 'MRVL', 'NCLH', 'NVDA', 'PHM', 'RCL', 'SMCI', 'TSLA', 'VRT']","['APA', 'BAC', 'CFG', 'CVX', 'DVN', 'EOG', 'HAL', 'MOS', 'MRNA', 'MTD', 'PRU', 'PSX', 'PYPL', 'SLB', 'SW', 'TGT', 'TPL']"
2023-07-31,165,17,17,"['ADBE', 'AMD', 'CCL', 'COIN', 'CVNA', 'DASH', 'FDX', 'FIX', 'GE', 'LRCX', 'NCLH', 'NVDA', 'ON', 'PHM', 'RCL', 'TSLA', 'VRT']","['ALB', 'CFG', 'CRL', 'DIS', 'FIS', 'GEN', 'IFF', 'MOS', 'MRNA', 'MTD', 'NKE', 'PSKY', 'STT', 'TGT', 'TPL', 'WAT', 'WBD']"
2023-08-31,165,17,17,"['ADBE', 'AMD', 'CCL', 'CRM', 'CVNA', 'DASH', 'DELL', 'FICO', 'GE', 'INTC', 'ISRG', 'LRCX', 'NVDA', 'ORCL', 'PHM', 'RCL', 'VRT']","['ALB', 'C', 'CFG', 'DIS', 'IFF', 'KEY', 'MOS', 'MRNA', 'MTD', 'PSKY', 'STLD', 'STT', 'T', 'TPR', 'USB', 'WBD', 'XYZ']"
2023-09-30,166,17,17,"['ADBE', 'APO', 'ARES', 'BKR', 'BX', 'CCL', 'CVNA', 'DASH', 'DELL', 'DLR', 'HAL', 'NVDA', 'PHM', 'RCL', 'UBER', 'VRT', 'WSM']","['AES', 'ALB', 'DIS', 'DXCM', 'IFF', 'MOS', 'MRNA', 'NKE', 'PODD', 'PSKY', 'T', 'TGT', 'TPR', 'UPS', 'WBD', 'XYZ', 'ZBRA']"
2023-10-31,166,17,17,"['ADBE', 'AMAT', 'APO', 'BKR', 'CCL', 'COIN', 'CVNA', 'DASH', 'DLR', 'HAL', 'NFLX', 'NRG', 'NVDA', 'ODFL', 'RCL', 'TSLA', 'WDC']","['AES', 'ALB', 'DLTR', 'DOC', 'DXCM', 'IFF', 'MRNA', 'MTD', 'PODD', 'PSKY', 'PYPL', 'RMD', 'TGT', 'TPR', 'WBD', 'XYZ', 'ZBRA']"
2023-11-30,166,17,17,"['ADBE', 'APO', 'COIN', 'CVNA', 'DASH', 'DLR', 'DPZ', 'EXPE', 'KEY', 'KKR', 'LII', 'PH', 'PHM', 'PKG', 'TT', 'UBER', 'URI']","['ALB', 'ALGN', 'CPT', 'DOC', 'EL', 'F', 'FSLR', 'JCI', 'LUV', 'LVS', 'ON', 'PODD', 'RMD', 'TKO', 'TPR', 'UAL', 'WYNN']"
2023-12-31,166,17,17,"['BX', 'COIN', 'CVNA', 'EXPE', 'FITB', 'GDDY', 'INTC', 'INTU', 'KEY', 'KKR', 'LII', 'NRG', 'STX', 'UBER', 'USB', 'WDC', 'WSM']","['ALB', 'ALGN', 'APTV', 'BAX', 'COHR', 'DAL', 'F', 'GLW', 'GNRC', 'JCI', 'LUV', 'ON', 'PODD', 'RMD', 'TPR', 'UAL', 'UPS']"
2024-01-31,166,17,17,"['BNY', 'COIN', 'CRH', 'CRM', 'GDDY', 'GEN', 'IR', 'KEY', 'KKR', 'PHM', 'STX', 'TDG', 'TT', 'UBER', 'URI', 'WDC', 'WSM']","['AES', 'ALB', 'ALGN', 'APTV', 'ECHO', 'EL', 'FSLR', 'GNRC', 'JCI', 'MOS', 'ON', 'PODD', 'ROK', 'TSLA', 'UAL', 'WBD', 'ZBRA']"
2024-02-29,166,17,17,"['AXP', 'COHR', 'COIN', 'CRH', 'CVNA', 'DASH', 'GDDY', 'HOOD', 'KKR', 'MPWR', 'PCAR', 'QCOM', 'RL', 'TPR', 'UBER', 'URI', 'WSM']","['AES', 'ALB', 'ALGN', 'CPT', 'DOC', 'ECHO', 'HAS', 'LITE', 'MMM', 'MOS', 'MRNA', 'ON', 'PODD', 'PSKY', 'TSLA', 'UPS', 'WBD']"
2024-03-31,166,17,17,"['BLDR', 'COHR', 'COIN', 'CRH', 'CVNA', 'DASH', 'GDDY', 'HOOD', 'KKR', 'PHM', 'RL', 'TGT', 'TPR', 'UBER', 'URI', 'WSM', 'XYZ']","['ALB', 'APTV', 'BA', 'ECHO', 'ES', 'LITE', 'MOS', 'MRNA', 'ON', 'PSKY', 'ROK', 'RVTY', 'TECH', 'TSLA', 'UPS', 'WBD', 'ZTS']"
2024-04-30,166,17,17,"['AXP', 'BLDR', 'COHR', 'COIN', 'CVNA', 'DAL', 'DASH', 'DVA', 'GDDY', 'GNRC', 'HOOD', 'KKR', 'RCL', 'TT', 'URI', 'WSM', 'XYZ']","['ALB', 'APTV', 'BA', 'BEN', 'CCI', 'DLTR', 'MOS', 'ODFL', 'PLD', 'PPG', 'PSKY', 'ROK', 'TSLA', 'ULTA', 'UPS', 'WBD', 'ZTS']"
2024-05-31,166,17,17,"['COHR', 'COIN', 'CVNA', 'DVA', 'ECHO', 'FCX', 'GM', 'HOOD', 'HWM', 'PWR', 'QCOM', 'RL', 'TER', 'TPR', 'TT', 'URI', 'WSM']","['BA', 'CCI', 'CLX', 'EXPE', 'INTC', 'JBHT', 'MOS', 'ODFL', 'PODD', 'PPG', 'PSKY', 'ROK', 'SBAC', 'TSLA', 'ULTA', 'UPS', 'WBD']"
2024-06-30,166,17,17,"['AMAT', 'COHR', 'CVNA', 'DVA', 'HOOD', 'HWM', 'ISRG', 'KLAC', 'LRCX', 'NTAP', 'NVDA', 'PLTR', 'QCOM', 'SMCI', 'TER', 'TTD', 'WSM']","['ALB', 'BA', 'BEN', 'BLDR', 'DLTR', 'EL', 'EXPE', 'INTC', 'JBHT', 'MOS', 'ON', 'PSKY', 'SWK', 'TSLA', 'ULTA', 'WBD', 'WDAY']"
2024-07-31,166,17,17,"['COHR', 'COIN', 'CVNA', 'ECHO', 'FSLR', 'GRMN', 'HOOD', 'HWM', 'JCI', 'KKR', 'KLAC', 'MPWR', 'NTAP', 'NVDA', 'PLTR', 'WSM', 'ZBRA']","['ALB', 'ALGN', 'AMD', 'BEN', 'CRWD', 'DLTR', 'DXCM', 'EL', 'EW', 'EXPE', 'INTC', 'JBHT', 'NUE', 'PSKY', 'ULTA', 'WBD', 'WDAY']"
2024-08-31,166,17,17,"['CFG', 'CVNA', 'DOC', 'ECHO', 'FICO', 'FSLR', 'GDDY', 'GNRC', 'GRMN', 'GS', 'HWM', 'MMM', 'NTAP', 'NVDA', 'RCL', 'TER', 'UHS']","['ALB', 'ALGN', 'AMD', 'BEN', 'CRL', 'CRM', 'DG', 'DLTR', 'DXCM', 'EL', 'IDXX', 'INTC', 'MRNA', 'NUE', 'SMCI', 'ULTA', 'XYZ']"
2024-09-30,166,17,17,"['APP', 'BBY', 'COHR', 'CVNA', 'FICO', 'FSLR', 'GDDY', 'HAS', 'HWM', 'KKR', 'LITE', 'MMM', 'MPWR', 'NVDA', 'PLTR', 'PODD', 'TSLA']","['ALB', 'ALGN', 'BA', 'BEN', 'COIN', 'CRL', 'CSGP', 'DLTR', 'DXCM', 'EL', 'EW', 'INTC', 'MRNA', 'NUE', 'SMCI', 'ULTA', 'XYZ']"
2024-10-31,166,17,17,"['APP', 'BX', 'CBRE', 'CCL', 'COHR', 'CVNA', 'FFIV', 'FICO', 'GEN', 'GL', 'GRMN', 'HOOD', 'HWM', 'IP', 'KKR', 'PLTR', 'RCL']","['ALB', 'ALGN', 'BALL', 'CRL', 'CSGP', 'DLTR', 'DXCM', 'EL', 'F', 'IDXX', 'INTC', 'LRCX', 'MCHP', 'MRNA', 'NUE', 'PSX', 'SWKS']"
2024-11-30,166,17,17,"['BX', 'CBRE', 'CCL', 'COHR', 'CVNA', 'DASH', 'EXPE', 'FICO', 'FIX', 'HOOD', 'KKR', 'LYV', 'NCLH', 'PLTR', 'PODD', 'RCL', 'TPR']","['AES', 'APTV', 'CDW', 'DG', 'DLTR', 'DXCM', 'EL', 'FSLR', 'HII', 'INTC', 'MCHP', 'MPWR', 'MRNA', 'MU', 'QCOM', 'SMCI', 'TER']"
2024-12-31,167,17,17,"['APP', 'AXON', 'BMY', 'BX', 'CBRE', 'CVNA', 'DASH', 'FTNT', 'HOOD', 'HWM', 'KKR', 'LITE', 'PLTR', 'TPR', 'TSLA', 'VST', 'WBD']","['AMD', 'AOS', 'CVS', 'DLTR', 'EL', 'F', 'FSLR', 'HAL', 'HII', 'HUM', 'INTC', 'MGM', 'MPC', 'NUE', 'PSX', 'SLB', 'SMCI']"
2025-01-31,167,17,17,"['APP', 'AXON', 'CEG', 'CVNA', 'DASH', 'HOOD', 'IBKR', 'LITE', 'LYV', 'PLTR', 'RL', 'TPL', 'TPR', 'TRGP', 'VRT', 'VST', 'XYZ']","['AOS', 'BG', 'CRL', 'DHI', 'FSLR', 'HAL', 'HII', 'HUM', 'INTC', 'IQV', 'LEN', 'MPC', 'NUE', 'ON', 'PSX', 'SMCI', 'TXT']"
2025-02-28,167,17,17,"['APP', 'AXON', 'COF', 'CVNA', 'DASH', 'HOOD', 'HWM', 'IBKR', 'LYV', 'PLTR', 'RL', 'TPL', 'TPR', 'TRGP', 'VST', 'WBD', 'WSM']","['ALGN', 'AOS', 'BG', 'BLDR', 'DHI', 'EFX', 'FSLR', 'HII', 'HUM', 'LEN', 'NDSN', 'NVR', 'PHM', 'TTD', 'TXT', 'UHS', 'UNH']"
2025-03-31,167,17,17,"['APP', 'AXON', 'BKR', 'BMY', 'COF', 'DASH', 'FFIV', 'GL', 'HOOD', 'HWM', 'MCK', 'PLTR', 'TPL', 'TPR', 'TRGP', 'WBD', 'WRB']","['ALB', 'ALGN', 'BLDR', 'COO', 'CRL', 'DECK', 'DHI', 'FSLR', 'LEN', 'NDSN', 'NTAP', 'NVR', 'PHM', 'SWK', 'TECH', 'TTD', 'VRT']"
2025-04-30,167,17,17,"['APP', 'AXON', 'CHTR', 'CPRT', 'CVS', 'DASH', 'FTNT', 'GL', 'HOOD', 'HWM', 'IBM', 'JBL', 'NFLX', 'NRG', 'PLTR', 'TPR', 'WMT']","['ALB', 'BLDR', 'COHR', 'CRL', 'DAL', 'DECK', 'DHI', 'FSLR', 'GNRC', 'HPQ', 'IRM', 'JBHT', 'LEN', 'SWK', 'TECH', 'TTD', 'UNH']"
2025-05-31,167,17,17,"['APP', 'AXON', 'CEG', 'CVNA', 'DASH', 'FFIV', 'FOX', 'GE', 'GEV', 'HOOD', 'HWM', 'IBM', 'NRG', 'PLTR', 'RL', 'STX', 'TPR']","['ALB', 'BLDR', 'COO', 'CRL', 'DECK', 'DHI', 'ECHO', 'GNRC', 'GPN', 'HAL', 'LEN', 'TECH', 'TPL', 'TTD', 'UNH', 'XYZ', 'ZBRA']"
2025-06-30,167,17,17,"['AXON', 'CEG', 'COIN', 'CVNA', 'CVS', 'DASH', 'GE', 'GEV', 'HOOD', 'HWM', 'MU', 'NRG', 'PLTR', 'STX', 'VEEV', 'VST', 'WDC']","['ALB', 'BLDR', 'CRL', 'DAL', 'GPN', 'HAL', 'IEX', 'IT', 'LEN', 'NCLH', 'OKE', 'TSLA', 'TTD', 'UAL', 'VTRS', 'XYZ', 'ZBRA']"
2025-07-31,167,17,17,"['AMD', 'CVNA', 'EME', 'FIX', 'GE', 'GEV', 'HOOD', 'HWM', 'JBL', 'JCI', 'NRG', 'ORCL', 'PLTR', 'SMCI', 'STX', 'TPR', 'WDC']","['A', 'ALGN', 'BLDR', 'CHTR', 'FTV', 'GPN', 'IEX', 'IT', 'MRVL', 'PYPL', 'RVTY', 'SWK', 'TPL', 'TSLA', 'TTD', 'VTRS', 'WAT']"
2025-08-31,167,17,17,"['AMD', 'APP', 'CVNA', 'ECHO', 'EME', 'FIX', 'FSLR', 'GEV', 'HOOD', 'LITE', 'PLTR', 'PWR', 'RCL', 'STX', 'URI', 'VST', 'WDC']","['ADBE', 'ALGN', 'DXCM', 'FTNT', 'FTV', 'GPN', 'HAL', 'IEX', 'MRVL', 'ODFL', 'OKE', 'SBUX', 'SWK', 'TPL', 'TRGP', 'TTD', 'WAT']"
2025-09-30,167,17,17,"['APP', 'COIN', 'CVNA', 'ECHO', 'EME', 'FIX', 'GEV', 'HOOD', 'LITE', 'LRCX', 'MU', 'ORCL', 'PLTR', 'STX', 'VRT', 'WBD', 'WDC']","['ALGN', 'CPAY', 'DECK', 'DVA', 'FTV', 'GPN', 'IEX', 'JBHT', 'ODFL', 'OKE', 'SBUX', 'SLB', 'TPL', 'TRGP', 'TTD', 'WAT', 'WY']"
2025-10-31,167,17,17,"['AMD', 'APP', 'COHR', 'ECHO', 'FIX', 'FSLR', 'GLW', 'HOOD', 'INTC', 'LITE', 'LRCX', 'MU', 'STX', 'TER', 'VRT', 'WBD', 'WDC']","['ADBE', 'ALGN', 'AMP', 'APD', 'APO', 'BLDR', 'CPAY', 'CTAS', 'DVA', 'DXCM', 'FTV', 'ODFL', 'OKE', 'TPL', 'TRGP', 'TTD', 'WY']"
2025-11-30,167,17,17,"['ALB', 'CAT', 'COHR', 'ECHO', 'FIX', 'FSLR', 'GLW', 'HOOD', 'INTC', 'IVZ', 'LITE', 'MU', 'SNDK', 'STX', 'VRT', 'WBD', 'WDC']","['ADBE', 'ALGN', 'ARE', 'AXON', 'CHTR', 'CTAS', 'DECK', 'DXCM', 'FFIV', 'FISV', 'IP', 'ODFL', 'SMCI', 'TPL', 'TTD', 'VEEV', 'ZBRA']"
