formation_date,n_winners,n_losers,winners,losers
2015-07-31,46,47,"['AIG', 'AKAM', 'AMZN', 'ANET', 'BLDR', 'CI', 'CIEN', 'CNC', 'CRM', 'DIS', 'DXCM', 'EA', 'EL', 'EQIX', 'EXPE', 'FICO', 'FIX', 'FTNT', 'GPN', 'HAS', 'HCA', 'IBKR', 'INCY', 'IQV', 'JPM', 'MDLZ', 'MLM', 'MNST', 'MSCI', 'NCLH', 'NFLX', 'ORLY', 'PANW', 'REGN', 'ROL', 'SBUX', 'SCHW', 'SW', 'TKO', 'TMUS', 'TSLA', 'TYL', 'UHS', 'VMC', 'VRSN', 'ZBRA']","['AMAT', 'AMD', 'APA', 'APO', 'BEN', 'BIIB', 'CNP', 'COP', 'CVX', 'DOC', 'DUK', 'DVN', 'ECHO', 'EIX', 'EOG', 'ETR', 'FCX', 'FE', 'GLW', 'GNRC', 'GRMN', 'HPQ', 'HST', 'INTC', 'IRM', 'KLAC', 'KMI', 'LUV', 'MOS', 'MRVL', 'MU', 'NEM', 'NSC', 'NTAP', 'OKE', 'RL', 'RTX', 'SMCI', 'TPR', 'UAL', 'UNP', 'URI', 'VTR', 'WELL', 'WMT', 'WY', 'WYNN']"
2015-08-31,46,47,"['ACGL', 'AIZ', 'AMZN', 'BLDR', 'CAG', 'CASY', 'CCL', 'CI', 'DXCM', 'EA', 'EQIX', 'EXPE', 'EXR', 'FIX', 'FTNT', 'GOOGL', 'GPN', 'HAS', 'HCA', 'HIG', 'IBKR', 'INCY', 'IQV', 'LII', 'LLY', 'MAS', 'MDLZ', 'META', 'MLM', 'NCLH', 'NFLX', 'NKE', 'NVR', 'ORLY', 'PANW', 'PGR', 'RCL', 'REGN', 'ROL', 'SBUX', 'TKO', 'TMUS', 'TSLA', 'TYL', 'UHS', 'VMC']","['ADSK', 'ALB', 'AMAT', 'AMD', 'APA', 'BEN', 'BIIB', 'COP', 'CSX', 'CVX', 'DVN', 'FCX', 'FSLR', 'GLW', 'GM', 'GNRC', 'GRMN', 'HII', 'HPQ', 'IP', 'IRM', 'KLAC', 'KMI', 'MOS', 'MRVL', 'MU', 'NEM', 'NSC', 'NWSA', 'ON', 'PPG', 'PSKY', 'QCOM', 'RL', 'RMD', 'RTX', 'SMCI', 'TPR', 'TRGP', 'TRMB', 'UNP', 'URI', 'VTR', 'WDC', 'WMT', 'WY', 'WYNN']"
2015-09-30,47,47,"['ACGL', 'ADBE', 'AIZ', 'AMZN', 'BLDR', 'CAG', 'CASY', 'CBOE', 'CDNS', 'CDW', 'CMG', 'DXCM', 'EA', 'ED', 'EQIX', 'EXPE', 'EXR', 'FIX', 'FTNT', 'GDDY', 'GOOG', 'GOOGL', 'GPN', 'HAS', 'HIG', 'HRL', 'IBKR', 'INCY', 'LLY', 'MDLZ', 'MO', 'MSFT', 'NFLX', 'NKE', 'NVDA', 'NVR', 'ORLY', 'PANW', 'PGR', 'SBUX', 'TAP', 'TKO', 'TMUS', 'TSLA', 'TSN', 'TTWO', 'TYL']","['ADSK', 'AES', 'AMAT', 'AMD', 'APA', 'BEN', 'BIIB', 'CNC', 'CVX', 'DVN', 'EQT', 'ETN', 'FCX', 'FSLR', 'GLW', 'GNRC', 'GRMN', 'HII', 'HLT', 'HUBB', 'IP', 'KKR', 'KMI', 'LVS', 'MOS', 'MRVL', 'MU', 'NEM', 'NRG', 'NSC', 'OKE', 'ON', 'PKG', 'PODD', 'PPG', 'PSKY', 'RMD', 'RTX', 'TPR', 'TRGP', 'TRMB', 'TT', 'URI', 'VTR', 'VTRS', 'WMB', 'WYNN']"
2015-10-31,47,47,"['ACGL', 'AIZ', 'AMZN', 'AOS', 'CASY', 'CCL', 'CINF', 'DXCM', 'EA', 'EQIX', 'EW', 'EXPE', 'EXR', 'FISV', 'FIX', 'GOOG', 'GOOGL', 'GPN', 'HRL', 'IBKR', 'INCY', 'KDP', 'LDOS', 'LII', 'MAS', 'MDLZ', 'META', 'MO', 'MPWR', 'NCLH', 'NDAQ', 'NFLX', 'NKE', 'NOC', 'NVDA', 'NVR', 'ORLY', 'PGR', 'PSA', 'RCL', 'REGN', 'SBUX', 'TAP', 'TKO', 'TTWO', 'TYL', 'VRSN']","['AKAM', 'APA', 'APO', 'AXON', 'BEN', 'BIIB', 'BKR', 'CMI', 'COP', 'CSX', 'DECK', 'DVN', 'EMR', 'EQT', 'ETN', 'FCX', 'GNRC', 'GRMN', 'HAL', 'HPQ', 'IBM', 'IP', 'IVZ', 'KKR', 'KMI', 'LULU', 'MCK', 'MOS', 'MRVL', 'MU', 'NEM', 'NRG', 'NSC', 'NXPI', 'OKE', 'PCAR', 'PSKY', 'PWR', 'STX', 'TRGP', 'URI', 'VTR', 'VTRS', 'WDC', 'WMB', 'WMT', 'WYNN']"
2015-11-30,47,47,"['AIZ', 'AMZN', 'CASY', 'CBOE', 'CINF', 'DHI', 'DXCM', 'ERIE', 'EVRG', 'EW', 'EXR', 'FISV', 'FIX', 'GOOG', 'GOOGL', 'GPN', 'HD', 'HRL', 'IBKR', 'JKHY', 'KDP', 'LDOS', 'LII', 'LUV', 'MAS', 'MCD', 'META', 'MNST', 'MPWR', 'MSI', 'NFLX', 'NKE', 'NVDA', 'NVR', 'ORLY', 'PODD', 'PSA', 'RCL', 'SBUX', 'STZ', 'TAP', 'TKO', 'TSN', 'TTWO', 'TYL', 'VLO', 'VRSN']","['ADM', 'AES', 'AKAM', 'APO', 'ARES', 'AXON', 'BG', 'BIIB', 'BX', 'CF', 'CMI', 'CNC', 'COO', 'DECK', 'DVN', 'ECHO', 'ELV', 'EQT', 'FCX', 'GNRC', 'HLT', 'HUM', 'IRM', 'KKR', 'KMI', 'LULU', 'MCK', 'MOS', 'MRVL', 'MU', 'NEM', 'NRG', 'OKE', 'PWR', 'QCOM', 'SMCI', 'STX', 'SWKS', 'TRGP', 'VTR', 'VTRS', 'WAB', 'WDC', 'WMB', 'WMT', 'WYNN', 'ZBRA']"
2015-12-31,47,47,"['ADSK', 'AIZ', 'AMZN', 'ATO', 'AWK', 'CASY', 'CDW', 'CINF', 'CLX', 'DAL', 'EQIX', 'EVRG', 'EXR', 'FIX', 'FSLR', 'GOOG', 'GOOGL', 'GPN', 'HRL', 'JKHY', 'KDP', 'KIM', 'KLAC', 'KMB', 'LDOS', 'LUV', 'MAA', 'MAS', 'MCD', 'META', 'MGM', 'MO', 'MPWR', 'MSFT', 'MSI', 'NFLX', 'NVDA', 'NVR', 'PODD', 'PSA', 'RCL', 'STZ', 'TAP', 'TSN', 'TTWO', 'TYL', 'VRSN']","['ADM', 'AES', 'AKAM', 'APA', 'APO', 'ARES', 'AXON', 'BEN', 'BG', 'BIIB', 'BKR', 'BX', 'CF', 'CMG', 'CMI', 'COO', 'COP', 'DECK', 'DVN', 'EQT', 'ETN', 'FCX', 'FTNT', 'GNRC', 'HCA', 'HLT', 'HST', 'KKR', 'KMI', 'MOS', 'MRVL', 'MU', 'NEM', 'NRG', 'OKE', 'PCAR', 'PNR', 'PWR', 'STX', 'SWKS', 'TRGP', 'WAB', 'WDC', 'WMB', 'WSM', 'WYNN', 'ZBRA']"
2016-01-31,47,47,"['AMD', 'ATO', 'AWK', 'CASY', 'CLX', 'CMS', 'COHR', 'DLR', 'EQIX', 'ERIE', 'EVRG', 'EXR', 'FANG', 'FSLR', 'GE', 'GOOG', 'GOOGL', 'HRL', 'ICE', 'JKHY', 'KDP', 'KLAC', 'KMB', 'LDOS', 'MAA', 'MCD', 'META', 'MO', 'MPWR', 'MSFT', 'MSI', 'NDAQ', 'NEM', 'NI', 'NVDA', 'O', 'PPL', 'PSA', 'REG', 'SJM', 'STZ', 'TAP', 'TPR', 'TSN', 'TYL', 'WEC', 'XEL']","['AKAM', 'AMP', 'ANET', 'APO', 'ARES', 'AXON', 'AXP', 'BLDR', 'BX', 'CF', 'CIEN', 'CMG', 'CMI', 'DECK', 'DVN', 'FCX', 'FFIV', 'FTNT', 'GILD', 'HLT', 'HPQ', 'INCY', 'KKR', 'KMI', 'MOS', 'MRVL', 'MS', 'MU', 'NCLH', 'NRG', 'NTAP', 'OKE', 'PFG', 'PWR', 'QCOM', 'STX', 'SWKS', 'TRGP', 'TSLA', 'URI', 'VRTX', 'WAB', 'WDC', 'WMB', 'WSM', 'WYNN', 'ZBRA']"
2016-02-29,47,47,"['AEE', 'ALB', 'AMAT', 'ATO', 'AWK', 'CINF', 'CMS', 'COHR', 'DLR', 'DPZ', 'EVRG', 'EW', 'FAST', 'FSLR', 'GDDY', 'GE', 'HRL', 'HSIC', 'JKHY', 'KDP', 'KIM', 'KLAC', 'KMB', 'LITE', 'LNT', 'MCD', 'META', 'MKC', 'MPWR', 'MSFT', 'NDAQ', 'NEM', 'NI', 'NOC', 'NVDA', 'O', 'PSA', 'REG', 'SMCI', 'TAP', 'TPR', 'TRMB', 'TSN', 'TTWO', 'VRSN', 'WEC', 'XEL']","['ADM', 'AKAM', 'AMP', 'ARES', 'AXP', 'BAC', 'BG', 'BKR', 'BLDR', 'C', 'CF', 'CFG', 'CMG', 'COP', 'DVN', 'DXCM', 'EQT', 'FCX', 'FITB', 'FTNT', 'INCY', 'KEY', 'KKR', 'KMI', 'MOS', 'MPC', 'MS', 'MU', 'NOW', 'NRG', 'NTAP', 'OKE', 'PFG', 'PKG', 'REGN', 'STT', 'STX', 'SWKS', 'TRGP', 'TSLA', 'URI', 'VRTX', 'WAB', 'WDC', 'WMB', 'WSM', 'ZBRA']"
2016-03-31,47,47,"['ADSK', 'ALB', 'ALGN', 'AMAT', 'AMD', 'ATO', 'AVY', 'COHR', 'DLR', 'EQIX', 'EVRG', 'FAST', 'FSLR', 'GDDY', 'GE', 'HII', 'HRL', 'HSIC', 'ISRG', 'KLAC', 'LITE', 'LNT', 'LRCX', 'LULU', 'LVS', 'MAA', 'MCD', 'META', 'NEM', 'NI', 'NUE', 'NVDA', 'O', 'OMC', 'PODD', 'PPG', 'PSA', 'PSKY', 'SHW', 'STLD', 'TPR', 'TRMB', 'TSN', 'TTWO', 'VZ', 'WST', 'WYNN']","['ADM', 'AKAM', 'AMP', 'AXON', 'AXP', 'BAC', 'BBY', 'BG', 'BIIB', 'BKR', 'BLDR', 'C', 'CBRE', 'CF', 'CFG', 'CMG', 'COP', 'DVN', 'DXCM', 'FITB', 'FTNT', 'INCY', 'JBL', 'KEY', 'KEYS', 'KMI', 'LLY', 'MCK', 'MOS', 'MPC', 'MS', 'MU', 'NOW', 'NRG', 'PFG', 'REGN', 'RF', 'RL', 'STT', 'STX', 'TRGP', 'TYL', 'VRTX', 'WDC', 'WMB', 'WSM', 'ZBRA']"
2016-04-30,47,47,"['ALB', 'AMAT', 'AMCR', 'AMD', 'AVGO', 'AWK', 'BAX', 'BSX', 'CNP', 'CPRT', 'CRL', 'DG', 'DLR', 'DLTR', 'EIX', 'EL', 'EVRG', 'EW', 'EXC', 'FAST', 'FCX', 'GNRC', 'GRMN', 'HII', 'IDXX', 'IRM', 'ISRG', 'LITE', 'LNT', 'LULU', 'MRVL', 'NEM', 'NI', 'NRG', 'NUE', 'NVDA', 'O', 'PSKY', 'STLD', 'T', 'TPR', 'TSN', 'ULTA', 'VTR', 'WMT', 'WST', 'WYNN']","['AAPL', 'AKAM', 'AMP', 'AXON', 'BX', 'CBRE', 'CF', 'CIEN', 'CMG', 'CTSH', 'DAL', 'DVN', 'DXCM', 'EA', 'EXPE', 'FDS', 'GILD', 'INCY', 'JBL', 'KEYS', 'KKR', 'KMI', 'LYV', 'MOS', 'MPC', 'MS', 'MU', 'NCLH', 'NFLX', 'NTAP', 'NWS', 'NWSA', 'ON', 'PFG', 'RCL', 'REGN', 'RL', 'SBAC', 'STX', 'TRGP', 'TYL', 'UAL', 'VRTX', 'WDC', 'WMB', 'WSM', 'ZBRA']"
2016-05-31,47,47,"['ALB', 'AMAT', 'AMCR', 'AMD', 'AWK', 'BSX', 'CMS', 'CNP', 'CPRT', 'DG', 'DLR', 'DRI', 'EIX', 'EQIX', 'EQT', 'EVRG', 'EW', 'EXC', 'FCX', 'HAS', 'HPE', 'IDXX', 'IRM', 'ISRG', 'JCI', 'LITE', 'LNT', 'LULU', 'MRSH', 'NDSN', 'NEE', 'NEM', 'NI', 'NRG', 'NVDA', 'O', 'OKE', 'STLD', 'TECH', 'TPR', 'TSN', 'ULTA', 'VTR', 'WEC', 'WMT', 'WYNN', 'ZBH']","['AAPL', 'AME', 'APTV', 'BAC', 'CBRE', 'CF', 'CIEN', 'CMG', 'COP', 'COR', 'DVN', 'DXCM', 'EBAY', 'GILD', 'GS', 'INCY', 'JBL', 'KKR', 'KMI', 'MOS', 'MPC', 'MS', 'MU', 'NCLH', 'NFLX', 'NKE', 'NOW', 'NTAP', 'NWS', 'NWSA', 'PANW', 'PODD', 'RCL', 'REGN', 'RL', 'STX', 'SWKS', 'TYL', 'UAL', 'VLO', 'VRTX', 'VTRS', 'WDC', 'WMB', 'WSM', 'XYZ', 'ZBRA']"
2016-06-30,47,47,"['AES', 'ALB', 'AMAT', 'AMD', 'ATO', 'AWK', 'AXON', 'CINF', 'CMI', 'CMS', 'CNP', 'COO', 'CPRT', 'DG', 'DLR', 'EIX', 'EQIX', 'EQT', 'EVRG', 'EXC', 'FANG', 'FCX', 'HAL', 'HII', 'HSY', 'IRM', 'JCI', 'LNT', 'LULU', 'MLM', 'NDSN', 'NEM', 'NI', 'NRG', 'NVDA', 'O', 'OKE', 'PNW', 'STLD', 'SYK', 'T', 'TPL', 'TRGP', 'ULTA', 'VTR', 'WEC', 'WYNN']","['ANET', 'APTV', 'BAC', 'BIIB', 'C', 'CBRE', 'CCL', 'CF', 'CFG', 'CMG', 'COR', 'DAL', 'EBAY', 'FSLR', 'GILD', 'GS', 'HBAN', 'IBKR', 'INCY', 'IVZ', 'JBL', 'KEY', 'KKR', 'MET', 'MPC', 'MS', 'NCLH', 'NFLX', 'NOW', 'NWS', 'PANW', 'PODD', 'RCL', 'REGN', 'RL', 'SCHW', 'STT', 'STX', 'SWKS', 'SYF', 'UAL', 'VLO', 'VRTX', 'VTRS', 'WDC', 'XYZ', 'ZBRA']"
2016-07-31,47,47,"['ALB', 'AMAT', 'AMD', 'ARE', 'ARES', 'AXON', 'BLDR', 'BSX', 'CHTR', 'CMI', 'CNP', 'COO', 'CPRT', 'DHR', 'DVN', 'EW', 'FCX', 'GRMN', 'HAL', 'HPE', 'HPQ', 'IP', 'IRM', 'LITE', 'MAS', 'MLM', 'NDSN', 'NEM', 'NUE', 'NVDA', 'OKE', 'PKG', 'PLD', 'PNR', 'QCOM', 'SPGI', 'STLD', 'TRGP', 'TRMB', 'TSN', 'ULTA', 'URI', 'VEEV', 'VMC', 'VTR', 'WST', 'WYNN']","['AIG', 'CCL', 'CF', 'CI', 'CMG', 'COHR', 'COR', 'CTSH', 'CVS', 'DAL', 'DRI', 'EQR', 'EXR', 'FSLR', 'GDDY', 'GILD', 'GS', 'HIG', 'HRL', 'IVZ', 'KR', 'LUV', 'LYB', 'MCD', 'MET', 'MPC', 'NCLH', 'NFLX', 'NKE', 'PANW', 'PNC', 'PSA', 'PSX', 'RCL', 'RL', 'ROP', 'SBUX', 'SMCI', 'SNA', 'SWKS', 'SYF', 'UAL', 'VLO', 'VTRS', 'WBD', 'WFC', 'ZBRA']"
2016-08-31,47,47,"['ALB', 'ALGN', 'AMAT', 'AMD', 'AMZN', 'AOS', 'ARE', 'ARES', 'AXON', 'BLDR', 'BSX', 'CHTR', 'CTAS', 'DHR', 'DOC', 'DVN', 'DXCM', 'EOG', 'FIS', 'GEN', 'HPE', 'HPQ', 'IDXX', 'IP', 'J', 'LITE', 'MCHP', 'MU', 'NDSN', 'NEM', 'NTAP', 'NVDA', 'OKE', 'PKG', 'PLD', 'PODD', 'PTC', 'SPGI', 'STLD', 'TRGP', 'TYL', 'ULTA', 'URI', 'VEEV', 'WDAY', 'WMB', 'XYL']","['AZO', 'BF-B', 'BMY', 'CAH', 'CF', 'CI', 'CMG', 'COHR', 'CVS', 'DAL', 'DG', 'DIS', 'DRI', 'DVA', 'ECHO', 'EL', 'ELV', 'EQR', 'ES', 'EXR', 'FAST', 'FE', 'FSLR', 'GILD', 'HIG', 'HRL', 'HSIC', 'KMB', 'KR', 'LUV', 'MCD', 'NCLH', 'NKE', 'PANW', 'PSA', 'PSX', 'PYPL', 'RCL', 'SBUX', 'SMCI', 'TGT', 'TPR', 'TSCO', 'UAL', 'VLO', 'VRSN', 'VTRS']"
2016-09-30,47,47,"['ALB', 'ALGN', 'AMAT', 'AMD', 'AMZN', 'ANET', 'AOS', 'APA', 'AXON', 'CHTR', 'CPRT', 'DHR', 'DVN', 'DXCM', 'EA', 'EBAY', 'EOG', 'EW', 'GEN', 'HPE', 'IDXX', 'INCY', 'KMI', 'LITE', 'MCHP', 'MRVL', 'MS', 'MU', 'NDSN', 'NEM', 'NOW', 'NTAP', 'NVDA', 'OKE', 'ON', 'PFG', 'PKG', 'PTC', 'QCOM', 'SPGI', 'TDG', 'TPL', 'TRGP', 'TYL', 'VEEV', 'WMB', 'XYL']","['BEN', 'BMY', 'BX', 'CF', 'CMG', 'CTSH', 'CVS', 'DAL', 'DG', 'DVA', 'ELV', 'EQR', 'EXR', 'F', 'FAST', 'FIX', 'FSLR', 'GILD', 'HRL', 'IBKR', 'KO', 'KR', 'LEN', 'LULU', 'LUV', 'MOS', 'NCLH', 'NKE', 'NRG', 'PEG', 'PGR', 'PPL', 'PSA', 'RCL', 'SBUX', 'SMCI', 'TGT', 'TPR', 'TROW', 'TSCO', 'TSLA', 'UAL', 'VLO', 'VRSN', 'VTRS', 'WFC', 'XYZ']"
2016-10-31,47,47,"['AKAM', 'ALB', 'AMAT', 'AMD', 'ANET', 'BBY', 'COHR', 'DHR', 'DPZ', 'EA', 'EME', 'FFIV', 'GEN', 'HPE', 'IDXX', 'JBL', 'KEYS', 'LITE', 'LRCX', 'LVS', 'LYV', 'MCHP', 'MPWR', 'MRVL', 'MS', 'MU', 'NDSN', 'NFLX', 'NTAP', 'NVDA', 'OKE', 'ON', 'PFG', 'PKG', 'PTC', 'QCOM', 'SNPS', 'STX', 'TDG', 'TER', 'TMUS', 'TPL', 'TTWO', 'TXN', 'VEEV', 'WDC', 'WMB']","['APTV', 'BLDR', 'BMY', 'CAH', 'CBRE', 'CF', 'CI', 'CMG', 'COR', 'CTSH', 'CVS', 'DECK', 'DG', 'DVA', 'ELV', 'EW', 'EXR', 'F', 'FAST', 'FCX', 'FSLR', 'GILD', 'GWW', 'HSIC', 'IBKR', 'KR', 'LOW', 'LULU', 'LUV', 'MCK', 'MOS', 'NCLH', 'NKE', 'NRG', 'PPG', 'PSA', 'SHW', 'SMCI', 'SW', 'TGT', 'TROW', 'TSCO', 'TSLA', 'VRTX', 'VTRS', 'WSM', 'XYZ']"
2016-11-30,47,47,"['AMAT', 'AMD', 'BAC', 'BBY', 'BKR', 'CAT', 'CFG', 'COHR', 'CSX', 'DHR', 'DPZ', 'DVN', 'EME', 'FCX', 'FITB', 'GEN', 'GS', 'IDXX', 'KEY', 'LDOS', 'LHX', 'LITE', 'LVS', 'MPC', 'MRVL', 'MS', 'MU', 'NTAP', 'NUE', 'NVDA', 'ODFL', 'OKE', 'PFG', 'PTC', 'PWR', 'RF', 'STLD', 'STX', 'TPL', 'TRGP', 'UAL', 'URI', 'VEEV', 'WDC', 'WMB', 'XYZ', 'ZBRA']","['BMY', 'BSX', 'CAH', 'CHD', 'CLX', 'CMG', 'CRL', 'CRM', 'CTSH', 'CVS', 'DG', 'DHI', 'DVA', 'EFX', 'EL', 'EW', 'EXR', 'F', 'FSLR', 'FTNT', 'GILD', 'GPN', 'HCA', 'HSIC', 'KR', 'LLY', 'LOW', 'LULU', 'MAA', 'MCK', 'MNST', 'NCLH', 'NKE', 'NRG', 'PM', 'PPG', 'PPL', 'PSA', 'REG', 'SW', 'TSCO', 'TSLA', 'TSN', 'UHS', 'VRTX', 'VTRS', 'ZBH']"
2016-12-31,47,47,"['AMD', 'ANET', 'ARES', 'BAC', 'BBY', 'BKR', 'C', 'CFG', 'COF', 'COHR', 'CSX', 'DHR', 'EME', 'FITB', 'GS', 'HBAN', 'JPM', 'KEY', 'LDOS', 'LITE', 'MET', 'MRVL', 'MS', 'MU', 'NTAP', 'NVDA', 'ODFL', 'ON', 'PFG', 'PNC', 'PRU', 'PWR', 'RF', 'RJF', 'SCHW', 'STLD', 'STT', 'STX', 'SYF', 'TPL', 'TRGP', 'UAL', 'URI', 'WDC', 'WMB', 'XYZ', 'ZBRA']","['AWK', 'BMY', 'CCI', 'CHD', 'CLX', 'CNC', 'CRM', 'CSGP', 'CVS', 'DG', 'DHI', 'DLTR', 'DVA', 'DXCM', 'EL', 'EQT', 'EXR', 'FRT', 'FSLR', 'GILD', 'GIS', 'HSIC', 'IRM', 'KIM', 'KMB', 'LULU', 'MCK', 'MDT', 'MKC', 'MNST', 'NEM', 'NI', 'NRG', 'O', 'REG', 'SJM', 'SPG', 'TPR', 'TSCO', 'TYL', 'UHS', 'VRSN', 'VRTX', 'VTR', 'VTRS', 'WDAY', 'ZBH']"
2017-01-31,47,47,"['ADSK', 'AKAM', 'AMD', 'BAC', 'BBY', 'BKR', 'CF', 'CFG', 'CHTR', 'COHR', 'CSX', 'DE', 'FITB', 'GEN', 'GS', 'HBAN', 'INCY', 'JPM', 'KEY', 'LDOS', 'LUV', 'MS', 'MTB', 'MU', 'NFLX', 'NSC', 'NTAP', 'NVDA', 'ON', 'PNC', 'PRU', 'PWR', 'RF', 'RJF', 'SCHW', 'STX', 'SWKS', 'TER', 'TMUS', 'TPL', 'TRGP', 'TTWO', 'UAL', 'URI', 'WDC', 'XYZ', 'ZBRA']","['AXON', 'BLDR', 'BMY', 'CASY', 'CL', 'CVS', 'DECK', 'DG', 'DLTR', 'DOC', 'DVA', 'DXCM', 'EFX', 'EL', 'EQT', 'EW', 'EXR', 'FE', 'FRT', 'FSLR', 'GIS', 'HSIC', 'IFF', 'KIM', 'LULU', 'MCK', 'MDT', 'MNST', 'NEM', 'NI', 'O', 'PFE', 'QCOM', 'REG', 'REGN', 'SJM', 'SPG', 'TDG', 'TGT', 'TPR', 'TSCO', 'TSN', 'UHS', 'VRTX', 'VTR', 'VTRS', 'WELL']"
2017-02-28,47,47,"['ADI', 'AMD', 'ANET', 'BA', 'BAC', 'CDW', 'CFG', 'COHR', 'CSX', 'DAL', 'DELL', 'ECHO', 'ELV', 'FITB', 'FIX', 'GS', 'HBAN', 'HII', 'INCY', 'JPM', 'KEY', 'LDOS', 'LUV', 'MS', 'MTB', 'MU', 'NCLH', 'NFLX', 'NRG', 'NVDA', 'ON', 'PNC', 'PRU', 'PWR', 'RCL', 'RF', 'RJF', 'STLD', 'STX', 'TER', 'TMUS', 'TPL', 'TRGP', 'UAL', 'URI', 'WDC', 'XYZ']","['AMCR', 'AXON', 'BALL', 'BIIB', 'BLDR', 'CASY', 'CVS', 'DECK', 'DLTR', 'DOC', 'DXCM', 'EL', 'EQT', 'EW', 'FRT', 'FSLR', 'GILD', 'GIS', 'GPC', 'HRL', 'IFF', 'KIM', 'LULU', 'MCK', 'MDT', 'MNST', 'NEM', 'NWS', 'NWSA', 'O', 'OXY', 'PNR', 'QCOM', 'REG', 'REGN', 'RL', 'SPG', 'TGT', 'TSCO', 'TSN', 'TYL', 'VTR', 'WELL', 'WSM', 'XOM', 'XYL', 'ZBH']"
2017-03-31,47,47,"['AMD', 'AMP', 'ANET', 'APO', 'BA', 'BAC', 'BG', 'CFG', 'COHR', 'CSX', 'DELL', 'DRI', 'ELV', 'GS', 'HBAN', 'HII', 'IDXX', 'INCY', 'JBL', 'JPM', 'KEY', 'KLAC', 'LRCX', 'LUV', 'MAR', 'MS', 'MTB', 'MU', 'NCLH', 'NFLX', 'NRG', 'NVDA', 'PNC', 'PRU', 'PWR', 'RCL', 'RF', 'RJF', 'STLD', 'TER', 'TMUS', 'TSLA', 'TTWO', 'UAL', 'URI', 'WDC', 'XYZ']","['AES', 'APA', 'AXON', 'AZO', 'BALL', 'BIIB', 'CASY', 'CPAY', 'CVS', 'DOC', 'DVN', 'EQT', 'EW', 'EXR', 'FRT', 'FSLR', 'GILD', 'GIS', 'GPC', 'HRL', 'IFF', 'KIM', 'KMI', 'LULU', 'MCK', 'MDT', 'MNST', 'NEM', 'NWS', 'NWSA', 'O', 'OXY', 'PANW', 'QCOM', 'REG', 'RL', 'SPG', 'TAP', 'TDG', 'TECH', 'TGT', 'TSN', 'TYL', 'VTR', 'WDAY', 'XOM', 'ZBH']"
2017-04-30,47,48,"['ALGN', 'AMAT', 'AMD', 'AMP', 'ANET', 'APO', 'BAC', 'BBY', 'BLDR', 'CBRE', 'CDW', 'CFG', 'CHTR', 'CSX', 'DELL', 'DRI', 'ELV', 'IDXX', 'INCY', 'IT', 'JBL', 'KKR', 'KLAC', 'LRCX', 'LUV', 'MAR', 'MU', 'NCLH', 'NRG', 'NVDA', 'NVR', 'RCL', 'ROK', 'SHW', 'STLD', 'TER', 'TMUS', 'TSLA', 'TT', 'TTD', 'TTWO', 'URI', 'VEEV', 'VRTX', 'WDC', 'XYZ', 'ZBRA']","['AES', 'AIG', 'AKAM', 'APA', 'AZO', 'BALL', 'BIIB', 'CASY', 'CPAY', 'CVS', 'DXCM', 'EQT', 'EVRG', 'FE', 'FFIV', 'FRT', 'FSLR', 'GILD', 'GIS', 'GNRC', 'GWW', 'HRL', 'KIM', 'KR', 'LULU', 'MNST', 'NEM', 'ORLY', 'OXY', 'PANW', 'PSA', 'PSX', 'QCOM', 'REG', 'RL', 'SJM', 'SLB', 'SO', 'SPG', 'SYF', 'TAP', 'TDG', 'TGT', 'TSCO', 'TSN', 'VTR', 'VZ', 'XOM']"
2017-05-31,48,48,"['A', 'AAPL', 'ADBE', 'ADSK', 'ALGN', 'AMAT', 'AMZN', 'ANET', 'APO', 'APTV', 'AVGO', 'BAX', 'BX', 'CDNS', 'COO', 'CSGP', 'CSX', 'EA', 'EW', 'GPN', 'HWM', 'IDXX', 'ISRG', 'JBL', 'LITE', 'LRCX', 'MAR', 'MTD', 'MU', 'NFLX', 'NRG', 'NVDA', 'NVR', 'PM', 'PYPL', 'RCL', 'ROL', 'SBAC', 'SWKS', 'TER', 'TSLA', 'TTD', 'TTWO', 'VEEV', 'VRTX', 'WAT', 'WDC', 'XYZ']","['AKAM', 'APA', 'AXON', 'AZO', 'BIIB', 'BKR', 'CHRW', 'CINF', 'COF', 'DLTR', 'DVN', 'EME', 'EOG', 'EQT', 'FANG', 'FAST', 'FCX', 'FFIV', 'FITB', 'FRT', 'GE', 'GILD', 'GNRC', 'GWW', 'HAL', 'J', 'JBHT', 'KIM', 'KMI', 'LULU', 'LYB', 'MOS', 'OKE', 'ORLY', 'OXY', 'PANW', 'PWR', 'QCOM', 'REG', 'RL', 'SLB', 'SMCI', 'SPG', 'SYF', 'TGT', 'TRGP', 'TSCO', 'WSM']"
2017-06-30,48,48,"['ADBE', 'ADSK', 'ALGN', 'ANET', 'APO', 'AVGO', 'BAX', 'BBY', 'BLDR', 'CDNS', 'CNC', 'COO', 'CRL', 'CSGP', 'CSX', 'DPZ', 'EA', 'EXPE', 'HAS', 'IDXX', 'ISRG', 'LITE', 'LRCX', 'MTD', 'MU', 'NOW', 'NRG', 'NVDA', 'NVR', 'PHM', 'PKG', 'PODD', 'PYPL', 'RCL', 'REGN', 'SPGI', 'SW', 'TPR', 'TSLA', 'TTD', 'TTWO', 'VEEV', 'VRTX', 'WAT', 'WDAY', 'WDC', 'WYNN', 'XYZ']","['ADM', 'AKAM', 'APA', 'AZO', 'BKR', 'CAG', 'CASY', 'CF', 'COP', 'CVX', 'DLTR', 'DVN', 'EME', 'EOG', 'EQT', 'FANG', 'FCX', 'FFIV', 'FRT', 'GE', 'GIS', 'GNRC', 'GWW', 'HAL', 'KIM', 'KR', 'LULU', 'MOS', 'OKE', 'ORLY', 'OXY', 'QCOM', 'REG', 'RL', 'ROST', 'SLB', 'SMCI', 'SNA', 'SPG', 'SYF', 'SYY', 'T', 'TAP', 'TGT', 'TRGP', 'TSCO', 'VZ', 'XOM']"
2017-07-31,48,48,"['ADBE', 'ADSK', 'ALGN', 'AMAT', 'AMD', 'AMP', 'AMT', 'ANET', 'APO', 'APTV', 'BA', 'BBY', 'BKNG', 'BLDR', 'CDNS', 'COO', 'CSGP', 'CTSH', 'EA', 'EXPE', 'FSLR', 'HAS', 'HPQ', 'IDXX', 'IEX', 'ISRG', 'IT', 'LITE', 'LRCX', 'LYV', 'META', 'MSCI', 'MTD', 'NFLX', 'NRG', 'NVDA', 'NVR', 'PYPL', 'REGN', 'SBAC', 'STZ', 'TDG', 'TTD', 'TTWO', 'VEEV', 'VRTX', 'WYNN', 'XYZ']","['AKAM', 'APA', 'AZO', 'BKR', 'CAG', 'CF', 'CHRW', 'CMG', 'DVN', 'DXCM', 'FANG', 'FAST', 'FCX', 'FFIV', 'GE', 'GIS', 'GNRC', 'GPC', 'GWW', 'HAL', 'IBM', 'J', 'JBHT', 'JCI', 'KIM', 'KMI', 'KR', 'LULU', 'MO', 'MOS', 'OMC', 'ORLY', 'PANW', 'RL', 'ROST', 'SJM', 'SLB', 'SNA', 'SPG', 'STX', 'SYF', 'TAP', 'TGT', 'TRGP', 'TSCO', 'ULTA', 'WAB', 'WBD']"
2017-08-31,48,48,"['A', 'ADBE', 'ADSK', 'ALGN', 'AMT', 'ANET', 'APO', 'APTV', 'BA', 'BLDR', 'CBOE', 'CDNS', 'CNC', 'COO', 'CSGP', 'EA', 'EL', 'FSLR', 'IEX', 'ISRG', 'LRCX', 'LYV', 'MCD', 'META', 'MGM', 'MNST', 'MTD', 'MU', 'NOW', 'NRG', 'NVDA', 'NVR', 'PLD', 'PODD', 'PYPL', 'RCL', 'REGN', 'SBAC', 'STZ', 'TPL', 'TSLA', 'TTWO', 'VEEV', 'VRTX', 'WDAY', 'WYNN', 'XYL', 'XYZ']","['AKAM', 'APA', 'ARES', 'AXON', 'AZO', 'BKR', 'BXP', 'CAG', 'CAH', 'CIEN', 'CMG', 'COF', 'COR', 'CPAY', 'DVA', 'DVN', 'EOG', 'FAST', 'FFIV', 'GE', 'GPC', 'GWW', 'HAL', 'HRL', 'IBM', 'KIM', 'KR', 'LULU', 'MO', 'MOS', 'OMC', 'ORLY', 'PANW', 'ROST', 'SJM', 'SLB', 'SNA', 'SPG', 'STX', 'SYF', 'TRGP', 'TSCO', 'UAL', 'UHS', 'ULTA', 'VTRS', 'WAB', 'WBD']"
2017-09-30,48,48,"['ABBV', 'ADSK', 'ALB', 'ALGN', 'AMAT', 'ANET', 'APO', 'BA', 'CAT', 'CBOE', 'CDNS', 'CI', 'CNC', 'CSGP', 'EA', 'EL', 'FSLR', 'IBKR', 'IEX', 'ISRG', 'LRCX', 'LYV', 'MA', 'MCO', 'MTD', 'MU', 'NOW', 'NRG', 'NVDA', 'NVR', 'ODFL', 'PANW', 'PKG', 'PODD', 'PYPL', 'STE', 'SW', 'TDG', 'TDY', 'TPL', 'TROW', 'TTD', 'TTWO', 'VRTX', 'WDAY', 'WYNN', 'XYL', 'XYZ']","['AKAM', 'AMD', 'APA', 'AZO', 'BG', 'BKR', 'CAG', 'CAH', 'CMG', 'DIS', 'DOC', 'DVA', 'DVN', 'DXCM', 'EFX', 'FAST', 'FFIV', 'GE', 'GIS', 'GWW', 'HCA', 'IBM', 'INCY', 'KDP', 'KHC', 'KIM', 'KMB', 'KMI', 'KR', 'MO', 'MOS', 'OMC', 'ORLY', 'PSKY', 'QCOM', 'SJM', 'SLB', 'SMCI', 'SNA', 'STX', 'SYF', 'TAP', 'TRGP', 'UAL', 'UHS', 'ULTA', 'VTRS', 'WBD']"
2017-10-31,48,48,"['ABBV', 'ADBE', 'ADSK', 'ALB', 'ALGN', 'AMAT', 'ANET', 'AVY', 'BA', 'CAT', 'CBOE', 'CDNS', 'CF', 'COHR', 'CRL', 'DHI', 'EL', 'FSLR', 'GNRC', 'IBKR', 'ISRG', 'LITE', 'LRCX', 'LYV', 'MA', 'MPWR', 'MTD', 'MU', 'NFLX', 'NOW', 'NRG', 'NVDA', 'NVR', 'ODFL', 'ON', 'PANW', 'PHM', 'PODD', 'PYPL', 'ROK', 'TPL', 'TROW', 'TTD', 'TTWO', 'URI', 'VST', 'XYL', 'XYZ']","['ADM', 'AKAM', 'AMD', 'APA', 'AZO', 'BG', 'BKR', 'CAG', 'CAH', 'CHD', 'CMG', 'CVS', 'DGX', 'DIS', 'DOC', 'DVA', 'DXCM', 'EFX', 'GE', 'HCA', 'HRL', 'HSIC', 'INCY', 'KHC', 'KMB', 'KMI', 'KR', 'MO', 'MOS', 'MRK', 'OMC', 'ORLY', 'PCG', 'PSKY', 'SJM', 'SLB', 'SMCI', 'STX', 'T', 'TAP', 'TJX', 'TMUS', 'TRGP', 'UAL', 'UHS', 'ULTA', 'WAB', 'WBD']"
2017-11-30,48,48,"['ABBV', 'ALGN', 'AMP', 'ANET', 'AVY', 'BA', 'BLDR', 'CAT', 'CBOE', 'CF', 'CI', 'CNC', 'COHR', 'CPRT', 'CVNA', 'DHI', 'DLTR', 'EL', 'FSLR', 'GNRC', 'IBKR', 'IR', 'ISRG', 'LULU', 'LYB', 'LYV', 'MU', 'NRG', 'NTAP', 'NVDA', 'NVR', 'ODFL', 'PHM', 'PODD', 'PYPL', 'RL', 'SYF', 'TDY', 'TKO', 'TPL', 'TROW', 'TSN', 'TTWO', 'UNH', 'URI', 'VLO', 'XYL', 'XYZ']","['AES', 'APA', 'BG', 'BKNG', 'BKR', 'CAH', 'CHD', 'CIEN', 'CMCSA', 'CMG', 'DGX', 'DOC', 'DPZ', 'DVA', 'DXCM', 'EFX', 'EG', 'EXPE', 'GE', 'HAS', 'HSIC', 'HWM', 'INCY', 'JCI', 'KHC', 'KR', 'MCK', 'MO', 'MRK', 'OMC', 'PCG', 'PM', 'PSKY', 'REGN', 'SBUX', 'SJM', 'SLB', 'SMCI', 'STX', 'TAP', 'TMUS', 'TPR', 'TSLA', 'TTD', 'UAL', 'ULTA', 'WBD', 'WDC']"
2017-12-31,48,48,"['ABBV', 'ALGN', 'AMP', 'ANET', 'BA', 'BF-B', 'BLDR', 'CAT', 'CBOE', 'CF', 'COHR', 'CPAY', 'CPRT', 'DHI', 'DLTR', 'EL', 'FANG', 'FCX', 'FSLR', 'GNRC', 'IBKR', 'INTC', 'IR', 'LYB', 'MAR', 'MU', 'NRG', 'NTAP', 'NVDA', 'NVR', 'ODFL', 'ON', 'PHM', 'PODD', 'PYPL', 'RL', 'ROST', 'TDY', 'TER', 'TKO', 'TPL', 'TROW', 'TSCO', 'TTWO', 'TXN', 'URI', 'VLO', 'XYZ']","['AMD', 'APA', 'BALL', 'BG', 'BKNG', 'BKR', 'BSX', 'CAH', 'CIEN', 'CMG', 'COO', 'CVS', 'DGX', 'DOC', 'DPZ', 'DXCM', 'EFX', 'EG', 'EIX', 'EXPE', 'GE', 'HAS', 'HSIC', 'INCY', 'JBL', 'JCI', 'KHC', 'LITE', 'MDT', 'MRK', 'OMC', 'PCG', 'PM', 'PPL', 'PSKY', 'REGN', 'SMCI', 'TSLA', 'TTD', 'UAL', 'UHS', 'ULTA', 'VEEV', 'VTR', 'WAB', 'WBD', 'WDC', 'WELL']"
2018-01-31,48,48,"['ABBV', 'AKAM', 'ALGN', 'AMZN', 'ANET', 'AZO', 'BA', 'BF-B', 'BLDR', 'CAT', 'CBOE', 'CF', 'CHRW', 'CPAY', 'CPRT', 'DG', 'DHI', 'DLTR', 'EL', 'GWW', 'HLT', 'IBKR', 'INTC', 'IR', 'ISRG', 'LHX', 'MAR', 'MRVL', 'MU', 'NFLX', 'NTAP', 'NVDA', 'ODFL', 'ON', 'PODD', 'PYPL', 'RL', 'ROST', 'STX', 'TDY', 'TKO', 'TPL', 'TROW', 'TSCO', 'TTWO', 'URI', 'VLO', 'XYZ']","['ACGL', 'AIZ', 'APA', 'AVB', 'BALL', 'BKNG', 'BKR', 'CAH', 'CHD', 'CIEN', 'CMG', 'DOC', 'DUK', 'DXCM', 'EFX', 'EG', 'EIX', 'EQR', 'EQT', 'ERIE', 'ESS', 'EXPE', 'FRT', 'GE', 'GEN', 'HAS', 'HSIC', 'INCY', 'JBL', 'KHC', 'KIM', 'KMI', 'LITE', 'MAA', 'MRK', 'PCG', 'PM', 'PNW', 'PPL', 'PSKY', 'REGN', 'SMCI', 'SWKS', 'TTD', 'UDR', 'ULTA', 'VTR', 'WELL']"
2018-02-28,48,48,"['ABBV', 'ADBE', 'AKAM', 'ALGN', 'AMZN', 'ANET', 'ARES', 'AXON', 'BA', 'BAC', 'BBY', 'CF', 'CME', 'CPAY', 'CPRT', 'CSCO', 'DE', 'DECK', 'FANG', 'FSLR', 'GDDY', 'GWW', 'HPE', 'IBKR', 'INTC', 'IR', 'LULU', 'MAR', 'MU', 'NFLX', 'NOW', 'NTAP', 'NVDA', 'ODFL', 'ON', 'RF', 'ROST', 'SCHW', 'STLD', 'STX', 'TGT', 'TKO', 'TPL', 'TROW', 'URI', 'VLO', 'XYZ', 'ZBRA']","['ALB', 'APA', 'AVB', 'BEN', 'BKR', 'CHTR', 'CMCSA', 'CMS', 'CPT', 'CVS', 'DLR', 'DOC', 'DUK', 'DXCM', 'ED', 'EFX', 'EIX', 'EQIX', 'EQR', 'EQT', 'ESS', 'EXPE', 'GE', 'GEN', 'HSIC', 'INCY', 'IRM', 'JBL', 'KHC', 'KIM', 'KMI', 'MAA', 'MRK', 'NI', 'O', 'PCG', 'PG', 'PM', 'PNW', 'PPL', 'PSKY', 'REGN', 'SMCI', 'TAP', 'UDR', 'VTR', 'WELL', 'XEL']"
2018-03-31,48,48,"['ADBE', 'AKAM', 'ALGN', 'AMZN', 'ANET', 'AXON', 'BA', 'BF-B', 'BR', 'CPAY', 'CPRT', 'CSCO', 'CSGP', 'CVNA', 'DECK', 'DXCM', 'EL', 'FANG', 'FSLR', 'FTNT', 'GDDY', 'GWW', 'IBKR', 'INTC', 'KDP', 'LULU', 'MPC', 'MSCI', 'MU', 'NFLX', 'NKE', 'NOW', 'NTAP', 'NVDA', 'ODFL', 'ON', 'PGR', 'PODD', 'PTC', 'RMD', 'STLD', 'STX', 'TKO', 'TPR', 'VEEV', 'VTRS', 'XYZ', 'ZTS']","['ACGL', 'AIG', 'ALB', 'AMCR', 'AMD', 'APA', 'BEN', 'BIIB', 'BKR', 'CHTR', 'CI', 'CMCSA', 'CVS', 'D', 'DLR', 'DOC', 'DVN', 'EIX', 'EQT', 'EXPE', 'GE', 'GEN', 'GIS', 'HAS', 'HSIC', 'INCY', 'IRM', 'JCI', 'KHC', 'KIM', 'KMI', 'MAA', 'MET', 'MRK', 'PCG', 'PG', 'PM', 'PPL', 'PSKY', 'REGN', 'SMCI', 'TSLA', 'TTD', 'ULTA', 'UPS', 'VTR', 'WELL', 'WMB']"
2018-04-30,48,48,"['ADBE', 'AKAM', 'AMZN', 'ANET', 'AXON', 'BA', 'BBY', 'BF-B', 'BR', 'CMG', 'COP', 'CPAY', 'CPRT', 'CSCO', 'CVNA', 'DECK', 'DPZ', 'DXCM', 'EL', 'FFIV', 'FSLR', 'FTNT', 'GDDY', 'GWW', 'HCA', 'IBKR', 'KDP', 'LULU', 'MPC', 'MSCI', 'NFLX', 'NOW', 'NTAP', 'PANW', 'PGR', 'PODD', 'ROST', 'STX', 'SW', 'TGT', 'TKO', 'TPL', 'TPR', 'VLO', 'WBD', 'WYNN', 'XYZ', 'ZTS']","['ACGL', 'AIG', 'ALB', 'BEN', 'BIIB', 'BMY', 'CASY', 'CHTR', 'CI', 'CNP', 'COHR', 'D', 'DELL', 'EIX', 'EQT', 'FLEX', 'GE', 'GEN', 'GIS', 'GLW', 'GM', 'GNRC', 'HSY', 'HUBB', 'HWM', 'INCY', 'IRM', 'IVZ', 'JCI', 'KHC', 'KIM', 'LITE', 'MMM', 'MTD', 'PCG', 'PG', 'PM', 'PPL', 'PWR', 'REGN', 'ROK', 'SWKS', 'TER', 'TRMB', 'TTD', 'VTR', 'WELL', 'WST']"
2018-05-31,48,48,"['ADBE', 'AKAM', 'ALGN', 'AMZN', 'AXON', 'BA', 'BR', 'CMG', 'COP', 'CPRT', 'CVNA', 'DECK', 'DPZ', 'DXCM', 'FFIV', 'FTNT', 'GDDY', 'GWW', 'IBKR', 'IDXX', 'INTU', 'KDP', 'KEYS', 'LULU', 'MA', 'MPC', 'MSCI', 'MU', 'NFLX', 'NOW', 'OKE', 'PANW', 'PODD', 'PTC', 'RL', 'STLD', 'STX', 'SW', 'TKO', 'TPL', 'TTD', 'VEEV', 'VLO', 'VST', 'WAB', 'WDAY', 'XYZ', 'ZBRA']","['ACGL', 'ALB', 'AMP', 'BEN', 'BMY', 'CASY', 'CBOE', 'CHTR', 'CI', 'CMCSA', 'CVS', 'D', 'DHI', 'DLTR', 'ECHO', 'EIX', 'FLEX', 'GE', 'GEN', 'GIS', 'GLW', 'HSY', 'HWM', 'IFF', 'INCY', 'IRM', 'ITW', 'IVZ', 'KHC', 'KMB', 'LEN', 'LUV', 'MMM', 'MNST', 'MO', 'NVR', 'PCG', 'PFG', 'PG', 'PM', 'PPL', 'PRU', 'RCL', 'REGN', 'SWK', 'TAP', 'TRMB', 'TSN']"
2018-06-30,48,48,"['ADBE', 'AES', 'ALGN', 'AMD', 'AMZN', 'AXON', 'BR', 'BSX', 'CIEN', 'CMG', 'COP', 'CPRT', 'CRM', 'CSGP', 'CVNA', 'DECK', 'DPZ', 'DXCM', 'EA', 'EW', 'FFIV', 'FTNT', 'GDDY', 'GWW', 'IDXX', 'INTU', 'ISRG', 'KEYS', 'LULU', 'MA', 'MSCI', 'MSI', 'MU', 'NFLX', 'NKE', 'NOW', 'NTAP', 'OKE', 'PANW', 'PTC', 'STX', 'TKO', 'TPL', 'TTD', 'VEEV', 'VST', 'XYZ', 'ZBRA']","['ALB', 'AMP', 'BEN', 'BLDR', 'CAH', 'CBOE', 'CI', 'CMCSA', 'CMI', 'D', 'DHI', 'DLTR', 'ECHO', 'FLEX', 'FSLR', 'GE', 'GEN', 'GIS', 'HSY', 'HUBB', 'HWM', 'IFF', 'INCY', 'ITW', 'IVZ', 'KHC', 'LEN', 'LUV', 'MAS', 'MCK', 'MMM', 'MO', 'NVR', 'PFG', 'PG', 'PH', 'PM', 'PRU', 'PWR', 'ROK', 'SBUX', 'SWK', 'T', 'TAP', 'TRMB', 'TSN', 'URI', 'VTRS']"
2018-07-31,48,48,"['ADBE', 'AIZ', 'ALGN', 'AMD', 'AMZN', 'AXON', 'CMG', 'CNC', 'COP', 'CPRT', 'CRM', 'CSX', 'CTAS', 'CVNA', 'DECK', 'DELL', 'DPZ', 'DXCM', 'FIX', 'FTNT', 'GDDY', 'GWW', 'HCA', 'IDXX', 'INTU', 'KDP', 'KEYS', 'LLY', 'LULU', 'MSI', 'MU', 'NFLX', 'NRG', 'NTAP', 'OKE', 'PANW', 'PSX', 'PTC', 'STE', 'TJX', 'TKO', 'TPL', 'TTD', 'VEEV', 'VLO', 'VRSN', 'WAB', 'XYZ']","['ABBV', 'ALB', 'BLDR', 'CAH', 'CBOE', 'CCL', 'CHTR', 'CI', 'CMCSA', 'CMI', 'COR', 'CVS', 'DLTR', 'EBAY', 'ECHO', 'FCX', 'FLEX', 'FSLR', 'GE', 'GEN', 'GIS', 'HAL', 'HWM', 'INCY', 'IR', 'ITW', 'IVZ', 'KHC', 'LEN', 'MCK', 'MMM', 'MO', 'NCLH', 'NXPI', 'PH', 'PM', 'PRU', 'RCL', 'STT', 'SYF', 'TAP', 'TRMB', 'TSLA', 'TSN', 'URI', 'VMC', 'WDC', 'WMT']"
2018-08-31,48,48,"['ALGN', 'AMD', 'AMZN', 'AXON', 'BR', 'CIEN', 'CMG', 'CNC', 'COP', 'CPRT', 'CSX', 'CVNA', 'DPZ', 'DVN', 'DXCM', 'FICO', 'FIX', 'FTNT', 'GDDY', 'GWW', 'HCA', 'IDXX', 'INTU', 'IT', 'JKHY', 'KEYS', 'LLY', 'LULU', 'NRG', 'NTAP', 'ORLY', 'PANW', 'PODD', 'PSX', 'PTC', 'TECH', 'TJX', 'TKO', 'TPL', 'TSCO', 'TTD', 'VEEV', 'VLO', 'VRSN', 'WAB', 'WSM', 'WST', 'XYZ']","['ABBV', 'AMAT', 'ARES', 'AVY', 'BG', 'BLDR', 'BLK', 'CAH', 'CMI', 'DLTR', 'EBAY', 'ECHO', 'FCX', 'FLEX', 'FSLR', 'GD', 'GEN', 'HAL', 'IBKR', 'INCY', 'IP', 'IR', 'ITW', 'IVZ', 'KHC', 'MCK', 'MGM', 'MRVL', 'MS', 'NEM', 'NOC', 'NWS', 'NWSA', 'NXPI', 'ON', 'PM', 'SJM', 'STT', 'SWK', 'SWKS', 'SYF', 'TAP', 'TEL', 'TSLA', 'TSN', 'URI', 'WDC', 'WYNN']"
2018-09-30,48,48,"['AAPL', 'ADP', 'ALGN', 'AMD', 'AMZN', 'AXON', 'BSX', 'CF', 'CMG', 'CNC', 'CRM', 'CSX', 'CVNA', 'DELL', 'DRI', 'DXCM', 'FFIV', 'FICO', 'FIX', 'FTNT', 'GDDY', 'HCA', 'ISRG', 'IT', 'JKHY', 'KKR', 'LLY', 'LULU', 'MOS', 'NSC', 'NTAP', 'ORLY', 'PTC', 'QCOM', 'TECH', 'TJX', 'TKO', 'TPL', 'TRGP', 'TSCO', 'TTD', 'TTWO', 'ULTA', 'VEEV', 'VRSN', 'WBD', 'WST', 'XYZ']","['AMAT', 'AOS', 'BEN', 'BLDR', 'BLK', 'CAH', 'CBOE', 'DLTR', 'EBAY', 'ECHO', 'F', 'FCX', 'FITB', 'FLEX', 'FSLR', 'GE', 'GEN', 'GS', 'HAL', 'IBKR', 'INCY', 'IVZ', 'LEN', 'LRCX', 'LVS', 'MCHP', 'MGM', 'MLM', 'MS', 'MU', 'NEM', 'NVR', 'NWS', 'NWSA', 'NXPI', 'ON', 'PHM', 'PM', 'SJM', 'STT', 'STX', 'TAP', 'TEL', 'TER', 'TSN', 'VTRS', 'WDC', 'WYNN']"
2018-10-31,48,48,"['AAPL', 'ADP', 'AMD', 'AXON', 'BSX', 'CASY', 'CDW', 'CF', 'CHD', 'CI', 'CLX', 'CMCSA', 'CVNA', 'DECK', 'DELL', 'DXCM', 'FIX', 'FTNT', 'HCA', 'IQV', 'J', 'JKHY', 'KDP', 'LLY', 'LULU', 'LYV', 'MKC', 'MRK', 'O', 'ORLY', 'PG', 'QCOM', 'ROL', 'ROST', 'TJX', 'TKO', 'TPL', 'TSCO', 'TTD', 'TTWO', 'UAL', 'VEEV', 'VICI', 'WBD', 'WELL', 'WSM', 'XYZ', 'ZBRA']","['AIG', 'AMAT', 'AOS', 'BKR', 'BLDR', 'BLK', 'CAH', 'DHI', 'EA', 'EBAY', 'ECHO', 'EQT', 'FCX', 'FLEX', 'FSLR', 'GE', 'GEN', 'HAL', 'IBKR', 'IBM', 'IVZ', 'LEN', 'LRCX', 'LVS', 'MAS', 'MCHP', 'MCK', 'MRVL', 'MU', 'NEM', 'NOC', 'NVR', 'NXPI', 'ON', 'PFG', 'PHM', 'PKG', 'SLB', 'SMCI', 'STT', 'STX', 'SW', 'TPR', 'URI', 'VTRS', 'WDC', 'WY', 'WYNN']"
2018-11-30,48,48,"['AES', 'AMD', 'AZO', 'BALL', 'BSX', 'CASY', 'CHD', 'CHTR', 'CI', 'CIEN', 'CLX', 'CMCSA', 'COO', 'CRL', 'CVNA', 'CVS', 'DELL', 'DG', 'DOC', 'DRI', 'DXCM', 'ELV', 'HCA', 'HRL', 'HSIC', 'IQV', 'JNJ', 'KDP', 'LLY', 'LULU', 'LYV', 'MKC', 'MOS', 'MRK', 'MSI', 'ORLY', 'PFE', 'PG', 'ROL', 'TKO', 'TSCO', 'TTD', 'UAL', 'VEEV', 'VZ', 'WBD', 'WDAY', 'WELL']","['ALGN', 'AMAT', 'AOS', 'APTV', 'AXON', 'BKR', 'BLDR', 'BLK', 'CRH', 'DVN', 'EA', 'EBAY', 'EQT', 'FCX', 'FLEX', 'FSLR', 'GE', 'HAL', 'IBKR', 'IR', 'IVZ', 'LH', 'LITE', 'LRCX', 'LVS', 'MCHP', 'META', 'MRVL', 'MU', 'NOC', 'NVDA', 'NXPI', 'ON', 'PCG', 'SCHW', 'SLB', 'SMCI', 'STLD', 'STT', 'STX', 'SW', 'SWKS', 'SYF', 'URI', 'VLO', 'WDC', 'WY', 'WYNN']"
2018-12-31,48,48,"['ABT', 'AJG', 'AMD', 'AMT', 'AZO', 'BALL', 'CASY', 'CHD', 'CI', 'CIEN', 'CINF', 'CLX', 'CME', 'DECK', 'DOC', 'DUK', 'DXCM', 'ELV', 'ERIE', 'ES', 'FAST', 'FTNT', 'GLW', 'HCA', 'HRL', 'HSY', 'IQV', 'KDP', 'LLY', 'MCD', 'MKC', 'MRK', 'NRG', 'O', 'ORLY', 'PFE', 'PG', 'RMD', 'SBUX', 'TTD', 'UAL', 'VEEV', 'VZ', 'WDAY', 'WELL', 'WM', 'YUM', 'ZBRA']","['ALGN', 'AMAT', 'AOS', 'APA', 'APTV', 'AXON', 'BBY', 'BKR', 'BLDR', 'CAG', 'DVN', 'EA', 'EOG', 'EQT', 'F', 'FANG', 'FCX', 'FDX', 'FLEX', 'GE', 'HAL', 'IR', 'IVZ', 'KHC', 'LH', 'LITE', 'LVS', 'META', 'MU', 'NFLX', 'NVDA', 'NXPI', 'PCG', 'SLB', 'SMCI', 'STLD', 'STT', 'STX', 'SW', 'SWKS', 'SYF', 'TXT', 'URI', 'VLO', 'WAB', 'WDC', 'WY', 'WYNN']"
2019-01-31,48,48,"['A', 'ADSK', 'AES', 'AMD', 'AMT', 'AVGO', 'AZO', 'BALL', 'CASY', 'CHD', 'CIEN', 'CME', 'CMG', 'DG', 'DOC', 'DXCM', 'ELV', 'ERIE', 'ES', 'EW', 'FTNT', 'HRL', 'INCY', 'KDP', 'KEYS', 'LLY', 'LULU', 'MCD', 'NOW', 'NRG', 'O', 'OMC', 'PG', 'REGN', 'SBAC', 'SBUX', 'TMUS', 'TTD', 'UDR', 'ULTA', 'VEEV', 'VRSN', 'VTR', 'WAT', 'WDAY', 'WELL', 'YUM', 'ZBRA']","['AIG', 'ALGN', 'AMAT', 'AOS', 'APA', 'APTV', 'AXON', 'BBY', 'BG', 'BKR', 'BLDR', 'CAG', 'DD', 'DVA', 'DVN', 'EA', 'EOG', 'EQT', 'FANG', 'FCX', 'FDX', 'FLEX', 'GE', 'HAL', 'IVZ', 'KEY', 'LH', 'LYB', 'MAS', 'MU', 'NVDA', 'OXY', 'PCG', 'PSX', 'QCOM', 'SLB', 'SMCI', 'STLD', 'SW', 'SWKS', 'TROW', 'TXT', 'VLO', 'VTRS', 'WAB', 'WDC', 'WY', 'WYNN']"
2019-02-28,48,48,"['A', 'ABT', 'AEP', 'AES', 'AMT', 'AON', 'AVGO', 'AWK', 'AZO', 'BA', 'BALL', 'CASY', 'CDNS', 'CHD', 'CIEN', 'CMG', 'CRL', 'DE', 'DECK', 'DHR', 'DLTR', 'DOC', 'ERIE', 'ESS', 'EW', 'GRMN', 'INCY', 'KEYS', 'LLY', 'MRK', 'MTD', 'NOW', 'NRG', 'O', 'PG', 'PM', 'PNW', 'SBAC', 'SBUX', 'SO', 'TDG', 'TTD', 'ULTA', 'WAT', 'WDAY', 'WTW', 'XEL', 'ZBRA']","['AAPL', 'AIG', 'ALGN', 'AMZN', 'APA', 'AXON', 'BKR', 'BR', 'CAG', 'CF', 'CVNA', 'CVS', 'DD', 'DGX', 'DVA', 'DVN', 'ECHO', 'EFX', 'EOG', 'EQT', 'FDX', 'FLEX', 'HAL', 'HPQ', 'IVZ', 'KHC', 'LITE', 'LYB', 'MPC', 'MU', 'NTAP', 'NVDA', 'PCG', 'PSX', 'QCOM', 'SLB', 'STLD', 'STZ', 'SW', 'TPR', 'TRGP', 'TTWO', 'TXT', 'VLO', 'VTRS', 'WAB', 'WDC', 'WY']"
2019-03-31,48,48,"['AEP', 'AES', 'AMT', 'AVGO', 'AWK', 'AZO', 'BALL', 'CDNS', 'CHD', 'CIEN', 'CMG', 'DECK', 'DHR', 'DLTR', 'DOC', 'ERIE', 'ESS', 'ETR', 'EXR', 'FICO', 'GIS', 'GRMN', 'INCY', 'KDP', 'KEYS', 'KLAC', 'LII', 'LLY', 'LRCX', 'MRK', 'NEM', 'NOW', 'O', 'PG', 'PNW', 'SBAC', 'SBUX', 'SO', 'TDG', 'TTD', 'ULTA', 'VTR', 'WAT', 'WDAY', 'WEC', 'WELL', 'WTW', 'XEL']","['ALGN', 'APA', 'AXON', 'BG', 'BIIB', 'BMY', 'BR', 'CCL', 'CF', 'CI', 'CNC', 'COHR', 'CVS', 'DVA', 'DVN', 'ECHO', 'EOG', 'FANG', 'FDX', 'FFIV', 'FLEX', 'HAL', 'HAS', 'HII', 'HPQ', 'HUM', 'KEY', 'KHC', 'MPC', 'NTAP', 'NVDA', 'PCG', 'QCOM', 'RF', 'SLB', 'STLD', 'STT', 'STZ', 'SW', 'TPR', 'TRGP', 'TTWO', 'TXT', 'URI', 'VLO', 'VTRS', 'WAB', 'XYZ']"
2019-04-30,48,48,"['ADI', 'ADSK', 'ALGN', 'AMAT', 'AMD', 'ANET', 'APD', 'AVGO', 'AZO', 'BALL', 'CDNS', 'CMG', 'CPRT', 'CSGP', 'CVNA', 'DELL', 'EBAY', 'ERIE', 'FAST', 'FICO', 'FLEX', 'FSLR', 'GEN', 'KEYS', 'KLAC', 'LRCX', 'LVS', 'MCHP', 'MCO', 'MRVL', 'MSCI', 'MTD', 'NOW', 'NVR', 'NXPI', 'ON', 'PANW', 'QCOM', 'SBUX', 'SMCI', 'SNPS', 'TDG', 'TER', 'TTD', 'VEEV', 'VRSN', 'WDAY', 'WYNN']","['AAPL', 'ALB', 'APA', 'BG', 'BIIB', 'BKR', 'BMY', 'CAG', 'CBOE', 'CHRW', 'CI', 'CNC', 'COP', 'COR', 'CVS', 'DVA', 'DXCM', 'EIX', 'EOG', 'FDX', 'FFIV', 'GS', 'HAL', 'HPQ', 'HRL', 'HUM', 'JBHT', 'KHC', 'KR', 'MO', 'MOS', 'MPC', 'NVDA', 'OXY', 'PCG', 'PSKY', 'PSX', 'RF', 'SLB', 'STLD', 'TPR', 'TRGP', 'TSLA', 'TTWO', 'UNH', 'VTRS', 'WAB', 'WFC']"
2019-05-31,48,48,"['ALGN', 'AMD', 'AMT', 'APD', 'AXON', 'AZO', 'BALL', 'CDNS', 'CINF', 'CMG', 'CPAY', 'CPRT', 'CSGP', 'CVNA', 'EQIX', 'ERIE', 'FICO', 'FSLR', 'GE', 'GPN', 'HSY', 'IDXX', 'INCY', 'IR', 'LHX', 'LULU', 'MA', 'META', 'MRVL', 'MSCI', 'NOW', 'NVR', 'PAYX', 'PGR', 'PODD', 'PYPL', 'SBAC', 'SMCI', 'SNPS', 'SYF', 'TDG', 'TECH', 'TPL', 'TSN', 'TTD', 'VEEV', 'VRSN', 'WDAY']","['ABBV', 'ALB', 'AMGN', 'APA', 'BIIB', 'BNY', 'CAG', 'CAH', 'CI', 'CNC', 'COHR', 'CVS', 'DD', 'DVA', 'EOG', 'FCX', 'FDX', 'FFIV', 'GWW', 'HAL', 'HCA', 'HPQ', 'HUM', 'JBHT', 'KHC', 'KR', 'LYB', 'MMM', 'MOS', 'MPC', 'NUE', 'NVDA', 'OXY', 'PCG', 'PNR', 'REGN', 'SLB', 'STLD', 'STT', 'TPR', 'TSLA', 'TXT', 'UAL', 'UPS', 'VTRS', 'WAB', 'WDC', 'WFC']"
2019-06-30,48,48,"['AMD', 'APD', 'APO', 'ARES', 'AXON', 'BALL', 'BLDR', 'BX', 'CDNS', 'CMG', 'CPAY', 'CPRT', 'CSGP', 'CVNA', 'DOV', 'EBAY', 'EFX', 'EME', 'EQIX', 'ERIE', 'FDS', 'FICO', 'FSLR', 'GE', 'GPN', 'HWM', 'IDXX', 'IR', 'J', 'KEYS', 'LDOS', 'LULU', 'META', 'MRVL', 'MSCI', 'MSI', 'MTD', 'NOW', 'PODD', 'SNPS', 'SYF', 'TDG', 'TECH', 'TER', 'TPL', 'TSN', 'TTD', 'VEEV']","['ABBV', 'ADM', 'ALB', 'AMGN', 'BIIB', 'BMY', 'BNY', 'CCL', 'CI', 'CLX', 'CNC', 'COP', 'CTSH', 'CVS', 'EQT', 'FFIV', 'GWW', 'HAL', 'HRL', 'HUM', 'IBKR', 'IRM', 'JBHT', 'KHC', 'KR', 'LLY', 'MMM', 'MO', 'MOS', 'MPC', 'MRNA', 'NRG', 'OXY', 'PCG', 'PFE', 'PNR', 'REGN', 'ROL', 'SCHW', 'SPG', 'STT', 'TAP', 'TKO', 'TPR', 'TSLA', 'UNH', 'VST', 'VTRS']"
2019-07-31,48,48,"['AKAM', 'APD', 'ARES', 'AXON', 'BALL', 'BRO', 'BX', 'CAG', 'CDNS', 'CDW', 'CINF', 'CMG', 'CPAY', 'CPRT', 'CSGP', 'CTAS', 'CVNA', 'EIX', 'EL', 'ERIE', 'FICO', 'GNRC', 'GPN', 'HAS', 'HSY', 'HWM', 'IR', 'LDOS', 'LHX', 'LYV', 'MCO', 'MLM', 'MRVL', 'MSCI', 'MSI', 'PCG', 'PODD', 'QCOM', 'RMD', 'SBAC', 'SBUX', 'SNPS', 'TER', 'TTD', 'VEEV', 'VMC', 'WRB', 'ZTS']","['A', 'ABBV', 'ALB', 'ALGN', 'APA', 'BA', 'BIIB', 'BMY', 'BNY', 'CCL', 'CI', 'CNC', 'COP', 'CVS', 'DPZ', 'EOG', 'EQT', 'FFIV', 'FIX', 'HAL', 'IRM', 'KHC', 'KR', 'LLY', 'LUV', 'MMM', 'MOS', 'MPC', 'MRNA', 'NRG', 'NUE', 'OXY', 'PFE', 'PTC', 'REGN', 'RL', 'ROL', 'SPG', 'STLD', 'STT', 'TAP', 'TKO', 'TPR', 'TSLA', 'VRTX', 'VST', 'VTRS', 'WAT']"
2019-08-31,48,48,"['AMD', 'AMT', 'APO', 'BALL', 'BLDR', 'BR', 'BX', 'CINF', 'CMG', 'COST', 'CPRT', 'CSGP', 'CVNA', 'DG', 'DHI', 'EFX', 'EQIX', 'EW', 'EXR', 'FICO', 'GNRC', 'HAS', 'HSY', 'HWM', 'IDXX', 'KLAC', 'LDOS', 'LHX', 'MLM', 'NVR', 'PODD', 'QCOM', 'RMD', 'SBAC', 'SBUX', 'SNPS', 'SPGI', 'TDG', 'TDY', 'TER', 'TGT', 'TSN', 'TTWO', 'VEEV', 'VRSK', 'WRB', 'WST', 'ZTS']","['ALB', 'ALGN', 'ANET', 'APA', 'BEN', 'BIIB', 'BKR', 'BNY', 'CAH', 'CCL', 'CNC', 'COP', 'DVN', 'EOG', 'EQT', 'FCX', 'FFIV', 'FIX', 'GE', 'GLW', 'HAL', 'KHC', 'KR', 'MMM', 'MOS', 'MPC', 'MRNA', 'NFLX', 'NTAP', 'NUE', 'ON', 'OXY', 'PANW', 'PCG', 'PFE', 'PTC', 'REGN', 'RL', 'ROL', 'SLB', 'STLD', 'STT', 'TPR', 'TSLA', 'TXT', 'ULTA', 'VTRS', 'XYZ']"
2019-09-30,48,49,"['ACGL', 'AIG', 'AIZ', 'AKAM', 'AMAT', 'APO', 'BALL', 'BLDR', 'BX', 'CASY', 'CDW', 'CINF', 'CME', 'CPRT', 'CSGP', 'CTAS', 'DG', 'DHI', 'ECHO', 'EQIX', 'GNRC', 'HAS', 'HSY', 'HWM', 'JBL', 'KLAC', 'LDOS', 'LHX', 'LMT', 'LRCX', 'MLM', 'MRVL', 'NOC', 'NVR', 'PHM', 'PODD', 'QCOM', 'RMD', 'SHW', 'T', 'TDY', 'TER', 'TGT', 'TTWO', 'TYL', 'VMC', 'WRB', 'WST']","['ALB', 'ALGN', 'ANET', 'APA', 'BKR', 'CNC', 'COP', 'CTSH', 'DVN', 'ELV', 'EOG', 'EQT', 'FCX', 'FDX', 'FIX', 'FOXA', 'FTV', 'GDDY', 'GLW', 'HAL', 'INCY', 'LLY', 'MMM', 'MO', 'MOS', 'MRNA', 'NFLX', 'NTAP', 'OXY', 'PANW', 'PCG', 'PFE', 'PNR', 'PSKY', 'PTC', 'REGN', 'RL', 'ROL', 'SLB', 'SPG', 'STLD', 'TKO', 'TPL', 'TPR', 'TSLA', 'ULTA', 'VTRS', 'WMB', 'XYZ']"
2019-10-31,48,49,"['AAPL', 'ACGL', 'AIZ', 'AMAT', 'APO', 'ARES', 'BF-B', 'BIIB', 'BLDR', 'BMY', 'BX', 'CASY', 'CHTR', 'CTAS', 'CVS', 'DG', 'DOC', 'DXCM', 'EQIX', 'ETR', 'EW', 'GNRC', 'HWM', 'IDXX', 'INVH', 'JBHT', 'KIM', 'KLAC', 'LHX', 'LRCX', 'MAA', 'MDT', 'NEE', 'NEM', 'PHM', 'PODD', 'PSX', 'RMD', 'SHW', 'STX', 'T', 'TDY', 'TER', 'TGT', 'TSLA', 'TTWO', 'WELL', 'ZTS']","['ADSK', 'ALB', 'ALGN', 'ANET', 'APA', 'AXON', 'BEN', 'CCL', 'COHR', 'CSCO', 'CTSH', 'DD', 'DELL', 'DVN', 'EOG', 'EQT', 'F', 'FANG', 'FCX', 'FDX', 'FOX', 'FOXA', 'FSLR', 'FTV', 'GDDY', 'HAL', 'IVZ', 'MO', 'MOS', 'MRNA', 'NFLX', 'NTAP', 'OXY', 'PCG', 'PSKY', 'PTC', 'RL', 'SLB', 'TAP', 'TKO', 'TPL', 'TPR', 'ULTA', 'VTRS', 'WDAY', 'WMB', 'WYNN', 'XOM', 'XYZ']"
2019-11-30,49,49,"['AAPL', 'AMAT', 'AMD', 'AMGN', 'APO', 'APTV', 'BF-B', 'BIIB', 'BLDR', 'BX', 'CDW', 'CVNA', 'CVS', 'DVA', 'DXCM', 'EW', 'FISV', 'FTNT', 'GNRC', 'HUM', 'HWM', 'JBHT', 'JBL', 'KEYS', 'KLAC', 'LITE', 'LRCX', 'LULU', 'MPWR', 'MU', 'NVDA', 'ODFL', 'PODD', 'PSX', 'SHW', 'STLD', 'STT', 'STX', 'SWKS', 'TDG', 'TDY', 'TER', 'TGT', 'TSLA', 'TYL', 'URI', 'VLO', 'WDC', 'ZBRA']","['AMCR', 'ANET', 'APA', 'BEN', 'CCL', 'CHD', 'CNP', 'COHR', 'CSCO', 'DELL', 'DLTR', 'DVN', 'EOG', 'EQT', 'ERIE', 'EXC', 'EXPE', 'FANG', 'FDS', 'FSLR', 'FTV', 'GDDY', 'IBKR', 'IVZ', 'MOS', 'NFLX', 'NI', 'OXY', 'PCG', 'PFE', 'PGR', 'PNW', 'PSA', 'PSKY', 'PTC', 'ROL', 'SJM', 'SPG', 'TAP', 'TKO', 'TPL', 'TRV', 'TSCO', 'UBER', 'ULTA', 'VEEV', 'VTR', 'WDAY', 'WMB']"
2019-12-31,49,49,"['AAPL', 'AMAT', 'AMD', 'AMGN', 'APO', 'ARES', 'BBY', 'BLDR', 'BMY', 'BX', 'CAG', 'CDW', 'CI', 'CVNA', 'CVS', 'DVA', 'DXCM', 'FLEX', 'FTNT', 'GNRC', 'GWW', 'HUM', 'JBHT', 'JBL', 'KLAC', 'KR', 'LITE', 'LRCX', 'LULU', 'MPWR', 'MRNA', 'MU', 'NVDA', 'NXPI', 'ODFL', 'PODD', 'RMD', 'SHW', 'STT', 'STX', 'SW', 'SWKS', 'TDG', 'TER', 'TGT', 'TSLA', 'TYL', 'WDC', 'ZBH']","['ANET', 'APA', 'BA', 'BALL', 'BEN', 'COHR', 'CRWD', 'CSCO', 'DD', 'DLTR', 'DRI', 'DVN', 'EBAY', 'EOG', 'EQT', 'ERIE', 'EXPE', 'FANG', 'FSLR', 'GLW', 'IBKR', 'IFF', 'IVZ', 'LII', 'MOS', 'NFLX', 'OXY', 'PCG', 'PFE', 'PGR', 'PSA', 'PSKY', 'PTC', 'SJM', 'TKO', 'TPR', 'TRMB', 'TRV', 'TSCO', 'TXT', 'UBER', 'ULTA', 'VEEV', 'VRSN', 'VTR', 'WDAY', 'WMB', 'XYZ', 'YUM']"
2020-01-31,49,49,"['AAPL', 'ABBV', 'ADSK', 'ALLE', 'AMD', 'APO', 'ARES', 'BLDR', 'BMY', 'BRO', 'BX', 'CHTR', 'CPRT', 'DHI', 'DVA', 'DXCM', 'ETR', 'FTNT', 'GEN', 'GNRC', 'GRMN', 'INTC', 'JBL', 'KR', 'LEN', 'LITE', 'LLY', 'LRCX', 'LULU', 'MRNA', 'MSCI', 'MSFT', 'NEE', 'NVDA', 'PHM', 'PODD', 'PPL', 'SMCI', 'SO', 'STT', 'STX', 'SWKS', 'TDG', 'TDY', 'TGT', 'TSLA', 'TYL', 'VICI', 'VRTX']","['ANET', 'BEN', 'BKR', 'CF', 'CHRW', 'CIEN', 'COHR', 'CRWD', 'CSCO', 'CVX', 'DD', 'DELL', 'DLTR', 'DVN', 'EBAY', 'ELV', 'EOG', 'EQT', 'ERIE', 'EXPE', 'FANG', 'FDX', 'FFIV', 'FSLR', 'GLW', 'GM', 'HAS', 'INCY', 'MOS', 'NUE', 'OXY', 'PCG', 'PSKY', 'PSX', 'SBUX', 'SLB', 'SPG', 'TKO', 'TPR', 'TRV', 'TSCO', 'UAL', 'UBER', 'ULTA', 'UPS', 'VEEV', 'VTR', 'WMB', 'XOM']"
2020-02-29,49,49,"['AAPL', 'ABBV', 'ADBE', 'ADSK', 'ALB', 'ALGN', 'ALLE', 'AMAT', 'AMD', 'ARES', 'AXON', 'BBY', 'BIIB', 'BMY', 'CAH', 'CHTR', 'CI', 'CRL', 'DPZ', 'DVA', 'DXCM', 'FTNT', 'GE', 'GEN', 'GNRC', 'IR', 'KR', 'LEN', 'LITE', 'LRCX', 'MRNA', 'MSCI', 'NFLX', 'NOW', 'NVDA', 'ODFL', 'PCG', 'PHM', 'PODD', 'REGN', 'RL', 'ROK', 'SMCI', 'STT', 'SWKS', 'TSLA', 'TYL', 'VRTX', 'XYZ']","['AIG', 'BA', 'BEN', 'BKR', 'BR', 'CCL', 'CF', 'CHRW', 'CINF', 'CNP', 'COHR', 'CRWD', 'CVX', 'DAL', 'DD', 'DELL', 'DLTR', 'DRI', 'DVN', 'EQT', 'ERIE', 'EXPE', 'EXR', 'F', 'FANG', 'FSLR', 'GD', 'GM', 'HAS', 'NCLH', 'OXY', 'PSA', 'PSKY', 'PSX', 'RCL', 'SBUX', 'SPG', 'STZ', 'TKO', 'TRV', 'TSN', 'TTWO', 'UAL', 'UPS', 'VST', 'VTR', 'WMB', 'XOM', 'YUM']"
2020-03-31,49,49,"['AAPL', 'ADBE', 'AMD', 'AMZN', 'ARES', 'AXON', 'BIIB', 'BMY', 'CI', 'CLX', 'CNC', 'COR', 'DLR', 'DPZ', 'DVA', 'DXCM', 'EQIX', 'FDS', 'FTNT', 'GEN', 'GILD', 'GNRC', 'HRL', 'HUM', 'JKHY', 'KR', 'LDOS', 'LITE', 'LLY', 'MPWR', 'MRNA', 'MSCI', 'MSFT', 'NEM', 'NFLX', 'NOW', 'NVDA', 'ODFL', 'REGN', 'RMD', 'ROL', 'SBAC', 'SMCI', 'SWKS', 'TSLA', 'TYL', 'UNH', 'VRTX', 'WST']","['AIG', 'APA', 'APTV', 'BA', 'BKR', 'CCL', 'CF', 'CFG', 'CNP', 'COF', 'COP', 'DAL', 'DD', 'DRI', 'DVN', 'EOG', 'EXPE', 'F', 'FANG', 'FITB', 'FRT', 'GM', 'HAL', 'IVZ', 'KIM', 'MGM', 'MOS', 'MPC', 'NCLH', 'OKE', 'OXY', 'PFG', 'PSKY', 'PSX', 'RCL', 'REG', 'SLB', 'SPG', 'SYF', 'TKO', 'TPR', 'TRGP', 'TXT', 'UAL', 'VLO', 'VTR', 'WELL', 'WYNN', 'XOM']"
2020-04-30,49,49,"['AAPL', 'ADBE', 'ADSK', 'AMD', 'AMZN', 'AXON', 'CAG', 'CDNS', 'CIEN', 'CLX', 'CNC', 'CRWD', 'DDOG', 'DHR', 'DLR', 'DPZ', 'DVA', 'DXCM', 'EA', 'EQIX', 'EQT', 'FTNT', 'GEN', 'GILD', 'GIS', 'HUM', 'KR', 'LITE', 'LLY', 'MPWR', 'MRNA', 'MSCI', 'MSFT', 'NEM', 'NFLX', 'NOW', 'NVDA', 'ODFL', 'PCG', 'PODD', 'PYPL', 'REGN', 'SBAC', 'TSLA', 'TTD', 'TYL', 'VEEV', 'VRTX', 'WST']","['ACGL', 'AIG', 'APA', 'BA', 'BKR', 'CCL', 'CF', 'CFG', 'CINF', 'CNP', 'DAL', 'DRI', 'DVN', 'EXPE', 'F', 'FANG', 'FITB', 'FIX', 'FRT', 'GM', 'HAL', 'HPE', 'HWM', 'IVZ', 'KEY', 'KIM', 'LUV', 'LYB', 'LYV', 'MGM', 'MOS', 'MPC', 'NCLH', 'OKE', 'OXY', 'PSKY', 'PSX', 'RCL', 'SLB', 'SPG', 'SYF', 'TPR', 'TRGP', 'TXT', 'UAL', 'USB', 'VTR', 'WELL', 'WFC']"
2020-05-31,49,49,"['ADBE', 'AMD', 'AMZN', 'CAG', 'CCI', 'CDNS', 'CIEN', 'CLX', 'CMG', 'COHR', 'CRL', 'CRWD', 'DDOG', 'DG', 'DPZ', 'DXCM', 'EBAY', 'EQIX', 'EQT', 'FTNT', 'GEN', 'IDXX', 'LLY', 'LULU', 'MPWR', 'MRNA', 'MRVL', 'MSCI', 'NEM', 'NFLX', 'NOW', 'NVDA', 'ODFL', 'PCG', 'PYPL', 'REGN', 'SBAC', 'SNPS', 'SPGI', 'SWKS', 'TMUS', 'TSCO', 'TSLA', 'TYL', 'UBER', 'VEEV', 'VRT', 'VRTX', 'WST']","['AIG', 'APA', 'BA', 'BXP', 'C', 'CCL', 'CF', 'CFG', 'CINF', 'DAL', 'DRI', 'DVN', 'F', 'FANG', 'FITB', 'FRT', 'GE', 'HAL', 'HBAN', 'HIG', 'HPE', 'HWM', 'IVZ', 'KEY', 'KIM', 'L', 'LUV', 'MAR', 'MGM', 'MOS', 'MPC', 'MTB', 'NCLH', 'OKE', 'OXY', 'PSKY', 'RCL', 'SLB', 'SPG', 'SYF', 'TPR', 'TRGP', 'TXT', 'UAL', 'USB', 'VTR', 'WBD', 'WELL', 'WFC']"
2020-06-30,49,49,"['AAPL', 'ADBE', 'ADSK', 'AKAM', 'AMZN', 'AXON', 'CDNS', 'CIEN', 'CLX', 'CMG', 'COHR', 'CRWD', 'CVNA', 'DDOG', 'DPZ', 'DXCM', 'EBAY', 'EFX', 'FTNT', 'GEN', 'IDXX', 'JKHY', 'LLY', 'LULU', 'MPWR', 'MRNA', 'MRVL', 'MSCI', 'MSFT', 'NEM', 'NFLX', 'NOW', 'NVDA', 'ODFL', 'PYPL', 'REGN', 'RMD', 'ROL', 'SBAC', 'SNPS', 'TER', 'TMUS', 'TSCO', 'TSLA', 'TTD', 'VEEV', 'VRTX', 'WST', 'XYZ']","['AIG', 'APA', 'BA', 'BKR', 'CCL', 'CF', 'CFG', 'CINF', 'COF', 'DAL', 'DVN', 'ECHO', 'EOG', 'FANG', 'FITB', 'GE', 'HAL', 'HBAN', 'HIG', 'HPE', 'HST', 'IVZ', 'KEY', 'KIM', 'LUV', 'LYV', 'MAR', 'MGM', 'MOS', 'MPC', 'MTB', 'NCLH', 'OKE', 'OXY', 'PSKY', 'RCL', 'RL', 'SLB', 'SPG', 'SYF', 'TAP', 'TPR', 'TRGP', 'UAL', 'USB', 'VLO', 'WBD', 'WFC', 'WYNN']"
2020-07-31,49,49,"['AAPL', 'AMD', 'AMZN', 'CDNS', 'CHRW', 'CIEN', 'CLX', 'CMG', 'COHR', 'CRWD', 'CVNA', 'DDOG', 'DLR', 'DPZ', 'DXCM', 'EA', 'EBAY', 'EQIX', 'EQT', 'FAST', 'GEN', 'GNRC', 'IDXX', 'INCY', 'LULU', 'MPWR', 'MRNA', 'MRVL', 'MSCI', 'NEM', 'NFLX', 'NVDA', 'ODFL', 'PYPL', 'REGN', 'ROL', 'SNPS', 'TECH', 'TER', 'TMO', 'TMUS', 'TSCO', 'TSLA', 'TTD', 'TTWO', 'UPS', 'VEEV', 'WST', 'XYZ']","['AIG', 'APA', 'BA', 'BXP', 'CCL', 'COF', 'COP', 'DAL', 'DRI', 'DVN', 'EOG', 'EQR', 'FANG', 'FE', 'FRT', 'GE', 'HAL', 'HII', 'HST', 'HWM', 'IVZ', 'KEY', 'KIM', 'LUV', 'LVS', 'MAR', 'MGM', 'MOS', 'MTB', 'NCLH', 'OKE', 'OXY', 'PCG', 'RCL', 'REG', 'RL', 'RTX', 'SLB', 'SPG', 'SYY', 'TAP', 'TDG', 'TPR', 'TRGP', 'UAL', 'WDC', 'WELL', 'WFC', 'WYNN']"
2020-08-31,49,49,"['AAPL', 'ADBE', 'AMD', 'AMZN', 'BBY', 'CDNS', 'CIEN', 'CMG', 'COHR', 'CRM', 'CRWD', 'CVNA', 'DDOG', 'DELL', 'DXCM', 'EBAY', 'EQT', 'ERIE', 'FCX', 'FDX', 'FSLR', 'GNRC', 'IDXX', 'JBHT', 'KHC', 'LOW', 'LULU', 'META', 'MPWR', 'MRNA', 'MRVL', 'NEM', 'NOW', 'NVDA', 'ODFL', 'PYPL', 'QCOM', 'ROL', 'SNPS', 'TGT', 'TMO', 'TSCO', 'TSLA', 'TTD', 'TTWO', 'UPS', 'VEEV', 'WST', 'XYZ']","['ACGL', 'AIG', 'APA', 'BA', 'BXP', 'CCL', 'COF', 'COP', 'DAL', 'DVN', 'EOG', 'EQR', 'ESS', 'FANG', 'FE', 'FRT', 'GE', 'HBAN', 'HII', 'HPE', 'HST', 'HWM', 'IVZ', 'KEY', 'KIM', 'KMI', 'L', 'MPC', 'MTB', 'NCLH', 'OKE', 'OMC', 'OXY', 'PCG', 'REG', 'RL', 'RTX', 'SLB', 'SPG', 'TAP', 'TPL', 'TPR', 'TRGP', 'UAL', 'UDR', 'VTR', 'WDC', 'WELL', 'WFC']"
2020-09-30,49,49,"['AAPL', 'ALGN', 'AMD', 'APA', 'APTV', 'BBY', 'BLDR', 'CARR', 'CMG', 'CRL', 'CRM', 'CRWD', 'CTAS', 'CVNA', 'DDOG', 'DELL', 'DHI', 'DRI', 'EBAY', 'EQT', 'FCX', 'FDX', 'FSLR', 'GNRC', 'HAL', 'LEN', 'LOW', 'LULU', 'MGM', 'MRNA', 'MRVL', 'NVDA', 'ON', 'PHM', 'PSKY', 'PYPL', 'QCOM', 'RCL', 'TGT', 'TRGP', 'TSCO', 'TSLA', 'TTD', 'UPS', 'VEEV', 'VRT', 'WSM', 'WST', 'XYZ']","['ATO', 'BAX', 'BDX', 'BIIB', 'BXP', 'CAH', 'CBOE', 'CI', 'CIEN', 'CME', 'CNC', 'CSCO', 'CVS', 'ECHO', 'ED', 'EIX', 'EOG', 'EQR', 'ESS', 'EVRG', 'EXC', 'FE', 'FRT', 'GE', 'GILD', 'HII', 'HPE', 'HST', 'INTC', 'KMI', 'L', 'LDOS', 'LHX', 'LITE', 'MTB', 'NI', 'OMC', 'OXY', 'PNW', 'PSX', 'RL', 'RTX', 'TAP', 'UDR', 'VLO', 'VTRS', 'WDC', 'WFC', 'XOM']"
2020-10-31,49,49,"['AAPL', 'AES', 'ALB', 'ALGN', 'BBY', 'BG', 'BLDR', 'CARR', 'CRL', 'CRWD', 'CVNA', 'DDOG', 'DE', 'DECK', 'F', 'FCX', 'FDX', 'FLEX', 'FSLR', 'GLW', 'GM', 'GNRC', 'IDXX', 'IVZ', 'JCI', 'LII', 'LOW', 'MOS', 'MPWR', 'MRNA', 'NVDA', 'ON', 'PHM', 'PNR', 'PPG', 'PSKY', 'PWR', 'PYPL', 'QCOM', 'ROL', 'SWK', 'TPR', 'TSLA', 'TT', 'TTD', 'UPS', 'VRT', 'WSM', 'XYZ']","['ALL', 'APA', 'AVB', 'BAX', 'BIIB', 'BXP', 'C', 'CBOE', 'CCL', 'CI', 'CIEN', 'CME', 'COP', 'CSCO', 'CVX', 'DVN', 'ECHO', 'EOG', 'EQR', 'ESS', 'FANG', 'FE', 'FRT', 'GILD', 'HII', 'HPE', 'HST', 'IFF', 'INTC', 'KMI', 'LDOS', 'LHX', 'LLY', 'OMC', 'OXY', 'PSX', 'REG', 'RTX', 'TAP', 'TKO', 'TPL', 'UDR', 'VLO', 'VRTX', 'VTRS', 'WDC', 'WFC', 'WYNN', 'XOM']"
2020-11-30,49,49,"['AES', 'ALB', 'ALGN', 'AMD', 'APTV', 'AXON', 'BG', 'BLDR', 'CARR', 'CRWD', 'CVNA', 'DAL', 'DE', 'EXPE', 'F', 'FCX', 'FDX', 'FLEX', 'FSLR', 'GE', 'GLW', 'GM', 'GNRC', 'HWM', 'IR', 'IVZ', 'LRCX', 'MGM', 'MOS', 'MPWR', 'MRNA', 'NVDA', 'NXPI', 'ON', 'PSKY', 'PWR', 'QCOM', 'RCL', 'SYF', 'TER', 'TPR', 'TRMB', 'TSLA', 'TT', 'TTD', 'UAL', 'UPS', 'URI', 'XYZ']","['AKAM', 'AMT', 'APO', 'ATO', 'BAX', 'BDX', 'BIIB', 'BSX', 'CBOE', 'CIEN', 'CME', 'CNC', 'COP', 'CSCO', 'D', 'DLR', 'DXCM', 'ECHO', 'EOG', 'EQR', 'EVRG', 'FANG', 'FE', 'FTNT', 'GEN', 'GILD', 'HII', 'HRL', 'IFF', 'INCY', 'INTC', 'JKHY', 'KMI', 'LDOS', 'LHX', 'LLY', 'LMT', 'NOC', 'NRG', 'PSX', 'REGN', 'SBAC', 'T', 'TKO', 'VLO', 'VRSN', 'VRTX', 'VST', 'XOM']"
2020-12-31,49,49,"['AES', 'ALB', 'ALGN', 'AMD', 'APTV', 'BG', 'BLDR', 'CARR', 'COF', 'COHR', 'CRWD', 'CVNA', 'DE', 'DIS', 'DRI', 'EXPE', 'FCX', 'FDX', 'FLEX', 'FSLR', 'GE', 'GM', 'GNRC', 'HCA', 'HWM', 'IR', 'IVZ', 'LYV', 'MGM', 'MOS', 'MPWR', 'MRNA', 'NCLH', 'ON', 'PANW', 'PSKY', 'PWR', 'QCOM', 'SCHW', 'SYF', 'TPR', 'TRMB', 'TSLA', 'TT', 'TTD', 'UBER', 'URI', 'XYL', 'XYZ']","['AKAM', 'AMGN', 'AMT', 'APO', 'ATO', 'BAX', 'BIIB', 'CBOE', 'CCI', 'CIEN', 'CLX', 'CNC', 'COP', 'COR', 'CSCO', 'CVX', 'D', 'DLR', 'DXCM', 'EBAY', 'ECHO', 'EOG', 'EVRG', 'FDS', 'FE', 'GD', 'GILD', 'GIS', 'HII', 'HRL', 'IFF', 'INCY', 'INTC', 'JKHY', 'KMB', 'KMI', 'KR', 'LMT', 'NEM', 'NOC', 'OXY', 'PSX', 'REGN', 'SBAC', 'SPGI', 'T', 'VLO', 'VRTX', 'XOM']"
2021-01-31,49,49,"['AES', 'ALB', 'ALGN', 'APTV', 'AXON', 'BG', 'BLDR', 'COF', 'COHR', 'CRWD', 'CVNA', 'DAL', 'DE', 'DRI', 'DVN', 'EXPE', 'F', 'FCX', 'FLEX', 'FSLR', 'GE', 'GM', 'GNRC', 'HWM', 'IVZ', 'MGM', 'MOS', 'MRNA', 'MU', 'NCLH', 'NTAP', 'NWSA', 'ON', 'PSKY', 'PTC', 'PWR', 'RF', 'SCHW', 'SPG', 'SW', 'SYF', 'TPL', 'TPR', 'TSLA', 'TTD', 'UBER', 'URI', 'WBD', 'XYZ']","['AEE', 'AMT', 'APA', 'APD', 'ATO', 'AZO', 'BAX', 'BDX', 'BSX', 'CAG', 'CHD', 'CHRW', 'CIEN', 'CLX', 'CMS', 'CNC', 'CPAY', 'D', 'DLR', 'DXCM', 'ECHO', 'ED', 'ETR', 'EVRG', 'FDS', 'FIS', 'GIS', 'HII', 'HRL', 'IFF', 'INCY', 'JKHY', 'KMB', 'LMT', 'LNT', 'MKC', 'NDSN', 'NEM', 'NI', 'NOC', 'ORLY', 'PNW', 'REGN', 'ROP', 'SBAC', 'SPGI', 'VRSN', 'VRTX', 'XEL']"
2021-02-28,49,49,"['ALB', 'ALGN', 'AMAT', 'APTV', 'AXON', 'BG', 'BKR', 'CCL', 'CFG', 'COF', 'COHR', 'CRWD', 'DE', 'DVN', 'EXPE', 'F', 'FANG', 'FCX', 'FITB', 'FLEX', 'GE', 'GM', 'GNRC', 'HBAN', 'IVZ', 'KEY', 'LRCX', 'MGM', 'MLM', 'MRNA', 'MU', 'NCLH', 'OKE', 'ON', 'OXY', 'PSKY', 'PWR', 'RF', 'RL', 'SCHW', 'SPG', 'TPL', 'TPR', 'TRGP', 'TTD', 'URI', 'WBD', 'WDC', 'ZBRA']","['ADBE', 'AEE', 'AKAM', 'AMGN', 'AMT', 'AMZN', 'APD', 'ATO', 'BAX', 'BBY', 'CAG', 'CHD', 'CLX', 'CMS', 'CRM', 'D', 'DLR', 'DPZ', 'ECHO', 'EQIX', 'ETR', 'FDS', 'GEN', 'GIS', 'INCY', 'JKHY', 'KMB', 'KR', 'LMT', 'LNT', 'LULU', 'META', 'MKC', 'MRK', 'NEM', 'NOC', 'PG', 'REGN', 'ROL', 'ROP', 'SBAC', 'SPGI', 'VRSK', 'VRSN', 'VRTX', 'VST', 'VTRS', 'WEC', 'XEL']"
2021-03-31,49,49,"['AMAT', 'APA', 'BG', 'C', 'CCL', 'CFG', 'COF', 'DVN', 'EOG', 'EXPE', 'F', 'FANG', 'FCX', 'FITB', 'GE', 'GM', 'HAL', 'HBAN', 'HIG', 'HWM', 'IVZ', 'KLAC', 'LRCX', 'MGM', 'MOS', 'MPC', 'MRNA', 'MU', 'NUE', 'NWSA', 'OKE', 'ON', 'OXY', 'PLTR', 'RF', 'RL', 'SCHW', 'SLB', 'SPG', 'STLD', 'TPL', 'TPR', 'TRGP', 'URI', 'WBD', 'WDC', 'WSM', 'WYNN', 'ZBRA']","['ADBE', 'AKAM', 'AMD', 'AMZN', 'APD', 'BF-B', 'BIIB', 'CHD', 'CHRW', 'CHTR', 'CLX', 'CRM', 'CSGP', 'D', 'DDOG', 'DG', 'DLR', 'DPZ', 'DXCM', 'ECHO', 'ED', 'EQIX', 'FDS', 'FIS', 'HRL', 'INCY', 'JKHY', 'KMB', 'LMT', 'LULU', 'MKC', 'MRK', 'NEM', 'NVDA', 'PG', 'REGN', 'ROL', 'SBAC', 'SPGI', 'VEEV', 'VRSK', 'VRSN', 'VRTX', 'VST', 'VTRS', 'WEC', 'WMT', 'XEL', 'ZTS']"
2021-04-30,49,49,"['ALB', 'AMAT', 'APA', 'BX', 'CCL', 'CF', 'COF', 'COP', 'DVN', 'EOG', 'EXPE', 'FANG', 'FCX', 'FIX', 'FTNT', 'GS', 'HPE', 'HPQ', 'HWM', 'IVZ', 'KIM', 'LRCX', 'MGM', 'MOS', 'MPC', 'MRNA', 'NCLH', 'NWS', 'NWSA', 'OKE', 'OXY', 'PLTR', 'REG', 'RL', 'SLB', 'SPG', 'STX', 'TPL', 'TPR', 'TRGP', 'TSLA', 'TXT', 'URI', 'VLO', 'WBD', 'WDC', 'WFC', 'WSM', 'XOM']","['AEP', 'APD', 'AWK', 'BALL', 'BBY', 'BIIB', 'CHD', 'CL', 'CLX', 'CMS', 'CNC', 'CRM', 'CSGP', 'D', 'DDOG', 'DG', 'ECHO', 'ED', 'EQIX', 'ERIE', 'ES', 'FSLR', 'GIS', 'HRL', 'INCY', 'KMB', 'LITE', 'LNT', 'LULU', 'MKC', 'MRK', 'NEM', 'NOW', 'PG', 'PNW', 'REGN', 'RMD', 'ROL', 'RVTY', 'SBAC', 'TMO', 'VEEV', 'VRTX', 'VST', 'VTRS', 'VZ', 'WEC', 'WMT', 'XEL']"
2021-05-31,49,49,"['AMAT', 'APA', 'BAC', 'BEN', 'BX', 'CFG', 'CINF', 'COF', 'DVN', 'EOG', 'F', 'FANG', 'FCX', 'FITB', 'FIX', 'FTNT', 'GEN', 'GNRC', 'GS', 'HIG', 'HWM', 'IRM', 'IT', 'IVZ', 'KEY', 'KIM', 'MGM', 'MOS', 'MPC', 'NUE', 'NWSA', 'OKE', 'OXY', 'RF', 'SCHW', 'SLB', 'SPG', 'STLD', 'STX', 'SYF', 'TPL', 'TPR', 'TRGP', 'TXT', 'VLO', 'WDC', 'WFC', 'WSM', 'XOM']","['AMD', 'BALL', 'CHD', 'CL', 'CLX', 'COHR', 'COST', 'CRM', 'CSGP', 'CTAS', 'CTSH', 'D', 'DDOG', 'DG', 'DLTR', 'ECL', 'EIX', 'ERIE', 'ES', 'ETR', 'FISV', 'FSLR', 'GPN', 'INCY', 'JKHY', 'KMB', 'LITE', 'LULU', 'MKC', 'MRK', 'NEE', 'NOW', 'NRG', 'PCG', 'PG', 'PLTR', 'QCOM', 'REGN', 'RMD', 'ROL', 'STE', 'TTD', 'TYL', 'VRSK', 'VRTX', 'VST', 'VTRS', 'VZ', 'WMT']"
2021-06-30,49,49,"['AMAT', 'APA', 'AXON', 'BIIB', 'BX', 'COF', 'COP', 'CRL', 'DVN', 'EOG', 'EQT', 'EXR', 'F', 'FANG', 'FCX', 'FIX', 'FTNT', 'GM', 'GNRC', 'GOOG', 'GS', 'IRM', 'IT', 'IVZ', 'JCI', 'KIM', 'KKR', 'MPC', 'MRNA', 'NUE', 'NVDA', 'NWSA', 'OKE', 'OXY', 'REG', 'SLB', 'SPG', 'STLD', 'STX', 'SYF', 'TECH', 'TPL', 'TRGP', 'TXT', 'VLO', 'VRT', 'WFC', 'WSM', 'XOM']","['ADSK', 'AMCR', 'BALL', 'BDX', 'BF-B', 'BKNG', 'CHD', 'CL', 'CLX', 'CMS', 'COHR', 'CPAY', 'CSGP', 'CTSH', 'DIS', 'DLTR', 'ECL', 'EIX', 'ERIE', 'ES', 'FICO', 'FISV', 'FLEX', 'FSLR', 'FTV', 'GPN', 'INCY', 'LDOS', 'LITE', 'LVS', 'MKC', 'MNST', 'NEE', 'NFLX', 'PCG', 'PG', 'QCOM', 'ROL', 'TSLA', 'TTD', 'TTWO', 'UBER', 'VRSK', 'VRTX', 'VST', 'VTRS', 'VZ', 'WEC', 'WMT']"
2021-07-31,49,49,"['AMAT', 'ARES', 'AXP', 'AZO', 'BX', 'CARR', 'CBRE', 'COF', 'COP', 'CPT', 'CRL', 'DOV', 'DPZ', 'DVN', 'EFX', 'EOG', 'EXPD', 'EXR', 'FCX', 'FTNT', 'GNRC', 'GOOG', 'GOOGL', 'HCA', 'INTU', 'IT', 'JBL', 'JCI', 'KKR', 'MAA', 'MRNA', 'MS', 'MSCI', 'NUE', 'NVDA', 'ORCL', 'STLD', 'SYF', 'TECH', 'TGT', 'TPL', 'TRGP', 'TT', 'TXT', 'UDR', 'WAT', 'WELL', 'WFC', 'ZBRA']","['ABNB', 'ABT', 'AES', 'AMGN', 'BALL', 'BAX', 'BDX', 'BF-B', 'CAG', 'CLX', 'CMI', 'COHR', 'CSGP', 'CTSH', 'DASH', 'DD', 'DLTR', 'EA', 'EIX', 'ERIE', 'ES', 'FSLR', 'HRL', 'IBKR', 'INCY', 'INTC', 'LDOS', 'LITE', 'LVS', 'MKC', 'MU', 'NEE', 'NFLX', 'NRG', 'PCAR', 'PCG', 'PLTR', 'PSKY', 'QCOM', 'TAP', 'TKO', 'TSLA', 'TTWO', 'UBER', 'VRTX', 'VST', 'VTRS', 'WBD', 'WYNN']"
2021-08-31,49,50,"['A', 'ADBE', 'ALB', 'ARES', 'BX', 'CARR', 'CPT', 'CRL', 'DDOG', 'DHR', 'DOV', 'DPZ', 'EFX', 'EW', 'EXR', 'FTNT', 'GOOG', 'GOOGL', 'GRMN', 'HCA', 'INTU', 'INVH', 'IRM', 'ISRG', 'IT', 'JBL', 'KKR', 'KR', 'MAA', 'META', 'MRNA', 'MSCI', 'NDAQ', 'NTAP', 'NUE', 'NVDA', 'OTIS', 'REGN', 'RMD', 'RVTY', 'SBAC', 'STLD', 'TRGP', 'TROW', 'TXT', 'WAT', 'WM', 'WSM', 'WST']","['ABNB', 'AES', 'BKR', 'CCL', 'CLX', 'CMI', 'COHR', 'CPAY', 'CTVA', 'DAL', 'DIS', 'DLTR', 'ERIE', 'EXPE', 'FIS', 'GDDY', 'GM', 'GPN', 'HAL', 'IBKR', 'INCY', 'INTC', 'LITE', 'LUV', 'LVS', 'LYV', 'MAR', 'MTB', 'MU', 'NCLH', 'NWS', 'NWSA', 'OXY', 'PCAR', 'PCG', 'PSKY', 'PSX', 'PTC', 'RCL', 'TER', 'TPR', 'TTWO', 'UAL', 'UBER', 'VLO', 'VRTX', 'WBD', 'WDC', 'WYNN', 'ZBH']"
2021-09-30,49,50,"['ALB', 'AMD', 'APO', 'ARES', 'BX', 'CMG', 'COF', 'COP', 'COST', 'CPRT', 'CPT', 'CRL', 'CRM', 'CRWD', 'DASH', 'DDOG', 'DHR', 'DPZ', 'DVN', 'DXCM', 'EFX', 'EW', 'EXE', 'EXR', 'FANG', 'FDS', 'FTNT', 'GOOG', 'GOOGL', 'HCA', 'IDXX', 'INTU', 'ISRG', 'IT', 'LULU', 'MAA', 'MPWR', 'MRNA', 'MSCI', 'NDAQ', 'NVDA', 'PANW', 'PWR', 'REGN', 'RMD', 'RVTY', 'TECH', 'TRGP', 'WST']","['ABNB', 'AES', 'AMGN', 'BA', 'CAH', 'CASY', 'CAT', 'CI', 'CLX', 'CMI', 'COHR', 'DAL', 'DD', 'DE', 'DLTR', 'ERIE', 'FDX', 'FICO', 'FIS', 'GDDY', 'GLW', 'GPN', 'HPQ', 'HRL', 'IBKR', 'INCY', 'INTC', 'LUV', 'LVS', 'MU', 'NSC', 'PCAR', 'PCG', 'PH', 'PHM', 'PSKY', 'PSX', 'PTC', 'SWK', 'SWKS', 'TER', 'TPL', 'TTWO', 'UAL', 'UBER', 'UNP', 'VRTX', 'WBD', 'WDC', 'WYNN']"
2021-10-31,50,50,"['ALB', 'AMD', 'APA', 'APO', 'APP', 'ARES', 'BX', 'COP', 'COST', 'CPT', 'CRL', 'CRWD', 'DASH', 'DDOG', 'DVN', 'DXCM', 'EBAY', 'EXE', 'EXR', 'F', 'FANG', 'FDS', 'FSLR', 'FTNT', 'GNRC', 'INTU', 'IT', 'KKR', 'LLY', 'LULU', 'MPWR', 'MRNA', 'MRVL', 'MSCI', 'MSFT', 'MSI', 'NFLX', 'NOW', 'NUE', 'NVDA', 'ODFL', 'OXY', 'PANW', 'REGN', 'RMD', 'RVTY', 'SNPS', 'TMO', 'TRGP', 'TSLA']","['AMGN', 'BA', 'CAG', 'CAH', 'CASY', 'CCL', 'CI', 'CPAY', 'DAL', 'DVA', 'FDX', 'FICO', 'FIS', 'FISV', 'GDDY', 'GL', 'GLW', 'GPN', 'INCY', 'INTC', 'KHC', 'LMT', 'LUV', 'LVS', 'MA', 'MNST', 'MU', 'NCLH', 'NEM', 'NWSA', 'OMC', 'PHM', 'PNW', 'PYPL', 'ROST', 'SNA', 'SWK', 'T', 'TAP', 'TMUS', 'TPL', 'TPR', 'UAL', 'UBER', 'UHS', 'VRTX', 'WBD', 'WDC', 'WYNN', 'ZBH']"
2021-11-30,50,50,"['AAPL', 'ADBE', 'ALB', 'AMD', 'ANET', 'ARES', 'AZO', 'BLDR', 'BX', 'CDNS', 'COIN', 'COST', 'CPT', 'DDOG', 'DLTR', 'DVN', 'DXCM', 'EXR', 'F', 'FANG', 'FDS', 'FSLR', 'FTNT', 'INTU', 'IT', 'KEYS', 'KKR', 'KLAC', 'LULU', 'MAA', 'MPWR', 'MRNA', 'MRVL', 'MSCI', 'MSFT', 'NOW', 'NVDA', 'ODFL', 'ON', 'PANW', 'PFE', 'PLD', 'QCOM', 'SNPS', 'TMO', 'TRGP', 'TSLA', 'TTD', 'TYL', 'VRSK']","['ALL', 'BA', 'BMY', 'C', 'CAG', 'CAT', 'CCL', 'CI', 'CMI', 'CPAY', 'DAL', 'DIS', 'DOW', 'DVA', 'FDX', 'FICO', 'FIS', 'GL', 'GPN', 'HII', 'HWM', 'INCY', 'IP', 'IVZ', 'KHC', 'LUV', 'LVS', 'LYB', 'NCLH', 'NEM', 'NWSA', 'OMC', 'PNW', 'PSKY', 'PTC', 'PYPL', 'RCL', 'SNA', 'SWK', 'T', 'TAP', 'TMUS', 'UAL', 'UBER', 'UHS', 'VTRS', 'WBD', 'WDC', 'WYNN', 'ZBH']"
2021-12-31,50,50,"['AAPL', 'ACN', 'ALB', 'AMD', 'ANET', 'AVGO', 'AZO', 'BLDR', 'BRO', 'BX', 'CDNS', 'CF', 'CIEN', 'COST', 'CPT', 'DDOG', 'DGX', 'DLTR', 'DVN', 'EXC', 'EXR', 'F', 'FDS', 'FFIV', 'FTNT', 'HD', 'INTU', 'IT', 'KEYS', 'KLAC', 'LOW', 'LYV', 'MAA', 'MCK', 'MPWR', 'MRVL', 'NVDA', 'ODFL', 'ON', 'PANW', 'PFE', 'PLD', 'RVTY', 'SNPS', 'STX', 'TMO', 'TSLA', 'VRSK', 'WST', 'ZTS']","['AXON', 'BA', 'BBY', 'BIIB', 'C', 'CCL', 'CMCSA', 'CPAY', 'CRWD', 'CVNA', 'DASH', 'DIS', 'FDX', 'FICO', 'FIS', 'GE', 'GNRC', 'GPN', 'HII', 'INCY', 'IP', 'IVZ', 'KHC', 'KMI', 'LDOS', 'LUV', 'LVS', 'MDT', 'NCLH', 'NWSA', 'PLTR', 'PNW', 'PSKY', 'PSX', 'PTC', 'PYPL', 'SWKS', 'T', 'TAP', 'TKO', 'TMUS', 'TPL', 'UAL', 'UBER', 'UHS', 'VEEV', 'WBD', 'WYNN', 'XYZ', 'ZBH']"
2022-01-31,50,50,"['ADM', 'AIG', 'ANET', 'APA', 'AVGO', 'AZO', 'BG', 'BKR', 'BLDR', 'CF', 'CFG', 'COP', 'CVS', 'CVX', 'DDOG', 'DLTR', 'DVN', 'EOG', 'EXC', 'EXE', 'F', 'FANG', 'FITB', 'HAL', 'HPQ', 'KEY', 'LOW', 'LYV', 'MCK', 'MOS', 'MPC', 'MTB', 'NVDA', 'ON', 'OXY', 'PANW', 'PCG', 'PFE', 'PLD', 'RJF', 'SCHW', 'SLB', 'STX', 'TRGP', 'TSLA', 'TSN', 'VLO', 'WMB', 'WY', 'XOM']","['ADSK', 'ALGN', 'APTV', 'AXON', 'BIIB', 'CHTR', 'CMG', 'COIN', 'CRL', 'CRWD', 'CSGP', 'CVNA', 'DASH', 'DECK', 'DIS', 'DXCM', 'FIS', 'GNRC', 'GPN', 'GRMN', 'HOOD', 'IDXX', 'LDOS', 'LULU', 'MDT', 'MRNA', 'NFLX', 'PLTR', 'PSKY', 'PYPL', 'RMD', 'ROL', 'ROST', 'SBUX', 'SWKS', 'TECH', 'TGT', 'TMUS', 'TPL', 'TRMB', 'TROW', 'TTD', 'UHS', 'VEEV', 'VRT', 'WAT', 'WDC', 'XYL', 'XYZ', 'ZBH']"
2022-02-28,50,50,"['ABBV', 'ADM', 'ANET', 'APA', 'BG', 'BKR', 'BLDR', 'CF', 'CFG', 'CNC', 'COP', 'CVS', 'CVX', 'DLTR', 'DVN', 'ELV', 'EOG', 'EQT', 'EXC', 'EXE', 'EXPE', 'F', 'FANG', 'FCX', 'FITB', 'HAL', 'KEY', 'LMT', 'LYV', 'MAR', 'MCK', 'MOS', 'MPC', 'MTB', 'MU', 'NOC', 'OKE', 'ON', 'OXY', 'PANW', 'PCG', 'PSX', 'RTX', 'SLB', 'TRGP', 'VLO', 'VST', 'WMB', 'WRB', 'XOM']","['A', 'ADBE', 'ADSK', 'ALGN', 'AMT', 'AVY', 'AXON', 'BIIB', 'CARR', 'CHTR', 'CMCSA', 'COIN', 'CRL', 'CRWD', 'CSGP', 'CVNA', 'DASH', 'DECK', 'DXCM', 'EBAY', 'ECL', 'FIS', 'GNRC', 'GRMN', 'HOOD', 'IDXX', 'IP', 'META', 'MMM', 'MRNA', 'NCLH', 'NFLX', 'PLTR', 'PNR', 'PSKY', 'PYPL', 'ROST', 'SBUX', 'SWKS', 'TRMB', 'TROW', 'TT', 'VEEV', 'VRT', 'VTRS', 'WAT', 'WSM', 'XYL', 'XYZ', 'ZBRA']"
2022-03-31,50,50,"['ABBV', 'ADM', 'ANET', 'APA', 'ATO', 'AVGO', 'BG', 'BKR', 'CF', 'CNC', 'COP', 'COR', 'CTVA', 'CVX', 'DLTR', 'DVN', 'ED', 'ELV', 'EOG', 'EQT', 'EXC', 'EXE', 'FANG', 'FCX', 'GWW', 'HAL', 'HPQ', 'KR', 'MCK', 'MOS', 'MPC', 'NEM', 'NI', 'NUE', 'NVDA', 'ON', 'OXY', 'PSA', 'SLB', 'SRE', 'STLD', 'TRGP', 'TSLA', 'UNP', 'VLO', 'VRTX', 'VST', 'WMB', 'WRB', 'XOM']","['A', 'ADBE', 'ADSK', 'ALGN', 'ALLE', 'APP', 'APTV', 'AXON', 'BIIB', 'C', 'CCL', 'CHTR', 'COF', 'COIN', 'CRL', 'CRM', 'CSGP', 'CVNA', 'DASH', 'DECK', 'DIS', 'EBAY', 'FIS', 'GM', 'GNRC', 'GRMN', 'HOOD', 'JPM', 'META', 'MRNA', 'MSCI', 'NCLH', 'NFLX', 'PLTR', 'PNR', 'PYPL', 'ROST', 'SBUX', 'SWK', 'SWKS', 'SYF', 'TROW', 'UBER', 'VEEV', 'VRT', 'VTRS', 'WSM', 'XYL', 'XYZ', 'ZBRA']"
2022-04-30,50,50,"['ABBV', 'ADM', 'APA', 'ATO', 'BG', 'BKR', 'BMY', 'CAH', 'CF', 'COP', 'COR', 'CTVA', 'CVX', 'DLTR', 'DOW', 'DVN', 'ED', 'EOG', 'EQT', 'EXC', 'EXE', 'HAL', 'HPQ', 'HRL', 'HST', 'HSY', 'IRM', 'KHC', 'KR', 'LMT', 'MCK', 'MKC', 'MO', 'MOS', 'MPC', 'NEM', 'NOC', 'NUE', 'OXY', 'SLB', 'SRE', 'STLD', 'TAP', 'TRGP', 'VLO', 'VRTX', 'VST', 'WMB', 'WRB', 'XOM']","['ADBE', 'ADSK', 'ALGN', 'AMD', 'APO', 'APP', 'APTV', 'AXON', 'BLK', 'C', 'CHTR', 'COIN', 'CRL', 'CRM', 'CRWD', 'CVNA', 'DASH', 'DECK', 'DIS', 'DPZ', 'DXCM', 'EBAY', 'FSLR', 'GM', 'GNRC', 'HOOD', 'IDXX', 'INTU', 'ISRG', 'KKR', 'META', 'MRNA', 'MSCI', 'NFLX', 'NOW', 'PLTR', 'PNR', 'PYPL', 'SBUX', 'STT', 'SWK', 'SWKS', 'TROW', 'TTWO', 'VEEV', 'VRT', 'WSM', 'XYL', 'XYZ', 'ZBRA']"
2022-05-31,50,50,"['ABBV', 'ADM', 'AEP', 'AMGN', 'APA', 'ATO', 'BG', 'BKR', 'BMY', 'CF', 'CI', 'COP', 'COR', 'CTVA', 'CVX', 'DVN', 'ED', 'EOG', 'EQT', 'EXC', 'EXE', 'FANG', 'HAL', 'KMI', 'KR', 'LMT', 'LYB', 'MCK', 'MO', 'MOS', 'MPC', 'NI', 'NOC', 'NRG', 'OXY', 'PGR', 'PSX', 'SLB', 'SRE', 'STLD', 'T', 'TKO', 'TPL', 'TRGP', 'VLO', 'VRTX', 'VST', 'WMB', 'WRB', 'XOM']","['ABNB', 'ADBE', 'ALGN', 'AMD', 'AMZN', 'APP', 'APTV', 'AXON', 'BA', 'COIN', 'CRL', 'CRM', 'CVNA', 'DASH', 'DDOG', 'DECK', 'DPZ', 'DXCM', 'FSLR', 'GM', 'GNRC', 'HOOD', 'IDXX', 'INTU', 'ISRG', 'LII', 'LULU', 'META', 'MRNA', 'NFLX', 'NVDA', 'PLTR', 'PNR', 'PYPL', 'ROK', 'SWK', 'TGT', 'TROW', 'TSLA', 'TTD', 'TYL', 'UBER', 'VEEV', 'VRT', 'WDAY', 'WSM', 'WST', 'XYL', 'XYZ', 'ZBRA']"
2022-06-30,50,50,"['ABBV', 'ADM', 'AIZ', 'AMGN', 'APA', 'BKR', 'BMY', 'CF', 'CI', 'COP', 'CTVA', 'CVX', 'DLTR', 'DVN', 'ED', 'EOG', 'EQT', 'EXC', 'EXE', 'FANG', 'GIS', 'HAL', 'HII', 'HSY', 'LDOS', 'LHX', 'LLY', 'LMT', 'MCK', 'MOS', 'MPC', 'MRK', 'NOC', 'OXY', 'PGR', 'PSX', 'RTX', 'SLB', 'SRE', 'T', 'TAP', 'TKO', 'TMUS', 'TPL', 'TRGP', 'VLO', 'VRTX', 'WMB', 'WRB', 'XOM']","['ABNB', 'ALGN', 'AMAT', 'AMD', 'APP', 'APTV', 'AXON', 'CCL', 'CIEN', 'COIN', 'CRL', 'CVNA', 'DASH', 'DDOG', 'DIS', 'DXCM', 'EXPE', 'F', 'GM', 'GNRC', 'HOOD', 'IDXX', 'INTU', 'ISRG', 'JCI', 'LRCX', 'META', 'MRNA', 'MRVL', 'MU', 'NCLH', 'NFLX', 'NVDA', 'PLTR', 'PYPL', 'RCL', 'ROK', 'SPG', 'SWK', 'SWKS', 'SYF', 'TER', 'TROW', 'TTD', 'UBER', 'VRT', 'WBD', 'WDAY', 'XYZ', 'ZBRA']"
2022-07-31,50,50,"['ADP', 'AIZ', 'CAH', 'CDNS', 'CEG', 'CF', 'CI', 'CNC', 'CTVA', 'CVX', 'DG', 'DLTR', 'DVN', 'ED', 'EQT', 'EXE', 'FIX', 'FSLR', 'GPC', 'HII', 'HSY', 'HUBB', 'HUM', 'HWM', 'JKHY', 'LDOS', 'LLY', 'MCK', 'MOS', 'MPC', 'MPWR', 'NOC', 'NUE', 'OXY', 'PWR', 'ROL', 'SMCI', 'SNPS', 'SRE', 'STLD', 'TAP', 'TKO', 'TMUS', 'TPL', 'TRGP', 'VICI', 'VLO', 'VST', 'WMB', 'XOM']","['ABNB', 'ALGN', 'APP', 'BAC', 'BALL', 'BAX', 'BNY', 'CCL', 'CFG', 'CHTR', 'CMCSA', 'COF', 'COIN', 'CRL', 'CVNA', 'DASH', 'DDOG', 'DIS', 'EXPE', 'F', 'GM', 'HOOD', 'INTC', 'JCI', 'KEY', 'META', 'MU', 'NCLH', 'NEM', 'NFLX', 'NVDA', 'PLTR', 'PSKY', 'PYPL', 'RCL', 'SPG', 'STX', 'SW', 'SWK', 'SWKS', 'TGT', 'TTD', 'UBER', 'VRT', 'VTRS', 'WBD', 'WDAY', 'WYNN', 'XYZ', 'ZBRA']"
2022-08-31,50,50,"['ADP', 'AES', 'AJG', 'ALB', 'BR', 'CAH', 'CASY', 'CDNS', 'CEG', 'CF', 'CHRW', 'CI', 'CNP', 'COP', 'CSGP', 'CTVA', 'DG', 'DVN', 'ED', 'EQT', 'ERIE', 'EXE', 'FIX', 'FSLR', 'GIS', 'GPC', 'GWW', 'HII', 'HUBB', 'LLY', 'MCK', 'MPC', 'OXY', 'PGR', 'PWR', 'RSG', 'SMCI', 'SO', 'SRE', 'STLD', 'STZ', 'TKO', 'TMUS', 'TPL', 'VICI', 'VLO', 'VRTX', 'WEC', 'WM', 'XOM']","['ALGN', 'AMAT', 'AMD', 'APP', 'APTV', 'BALL', 'BAX', 'BXP', 'CCL', 'CFG', 'CHTR', 'COF', 'COHR', 'COIN', 'COO', 'CRL', 'CVNA', 'DASH', 'DDOG', 'EXPE', 'FCX', 'FITB', 'FTNT', 'GNRC', 'IDXX', 'INTC', 'ISRG', 'KEY', 'MGM', 'MRVL', 'MU', 'NCLH', 'NEM', 'NFLX', 'NVDA', 'PLTR', 'RCL', 'RL', 'STX', 'SW', 'SWK', 'SWKS', 'TER', 'TTD', 'UHS', 'WBD', 'WDAY', 'WYNN', 'XYZ', 'ZBRA']"
2022-09-30,50,50,"['ALB', 'AZO', 'BIIB', 'CAH', 'CASY', 'CBOE', 'CEG', 'CI', 'COP', 'CSGP', 'DECK', 'DG', 'DVN', 'EME', 'EQT', 'ERIE', 'EXE', 'FIX', 'FSLR', 'GILD', 'GIS', 'GPC', 'HII', 'HSY', 'HUBB', 'HUM', 'IEX', 'LLY', 'MCK', 'MNST', 'MPC', 'MRK', 'MTB', 'NOC', 'ORLY', 'OXY', 'PCG', 'PGR', 'RSG', 'SJM', 'SMCI', 'TJX', 'TKO', 'TMUS', 'TPL', 'VICI', 'VLO', 'VRTX', 'XOM', 'XYL']","['ABNB', 'ADBE', 'ALGN', 'AMAT', 'AMD', 'APP', 'BA', 'BALL', 'BKR', 'BXP', 'CCL', 'CHTR', 'CMCSA', 'COHR', 'COIN', 'COO', 'CTSH', 'CVNA', 'DASH', 'DDOG', 'DXCM', 'EXPE', 'FCX', 'GNRC', 'IDXX', 'INTC', 'ISRG', 'IVZ', 'LYV', 'META', 'MRVL', 'MU', 'NCLH', 'NEM', 'NFLX', 'NKE', 'NVDA', 'PLD', 'PLTR', 'PSKY', 'RCL', 'STX', 'SWK', 'TER', 'UHS', 'WBD', 'WDAY', 'WST', 'XYZ', 'ZBRA']"
2022-10-31,50,50,"['ACGL', 'AES', 'ALB', 'AXON', 'AZO', 'BIIB', 'CAH', 'CEG', 'CI', 'CMI', 'COP', 'CSGP', 'DECK', 'DVN', 'EME', 'EOG', 'ERIE', 'EXE', 'FANG', 'FICO', 'FIX', 'FSLR', 'GILD', 'GPC', 'HII', 'HUBB', 'HUM', 'IBKR', 'KEYS', 'LLY', 'MCK', 'MPC', 'NFLX', 'NOC', 'NRG', 'ORLY', 'OXY', 'PFG', 'PSX', 'PWR', 'RJF', 'ROL', 'SCHW', 'SLB', 'SMCI', 'TKO', 'TMUS', 'TPL', 'XOM', 'XYL']","['ABNB', 'AIZ', 'ALGN', 'AMD', 'APP', 'BALL', 'BXP', 'CCI', 'CCL', 'COHR', 'COIN', 'COO', 'CPAY', 'CPT', 'CVNA', 'DASH', 'DDOG', 'DLR', 'DOC', 'DOW', 'DVA', 'ESS', 'EW', 'EXPE', 'GNRC', 'HAS', 'INTC', 'IP', 'LYV', 'META', 'MRVL', 'NEM', 'NKE', 'NVDA', 'PKG', 'PLD', 'PSKY', 'RCL', 'STX', 'SWK', 'TGT', 'TSN', 'VTR', 'WBD', 'WDAY', 'WDC', 'WELL', 'WST', 'WY', 'XYZ']"
2022-11-30,50,50,"['ACGL', 'AES', 'ANET', 'APD', 'AXON', 'AZO', 'BA', 'BIIB', 'CAH', 'CEG', 'CSGP', 'DECK', 'DXCM', 'EME', 'ERIE', 'FICO', 'FIX', 'FLEX', 'FSLR', 'GILD', 'GPC', 'GWW', 'HUBB', 'IBKR', 'IEX', 'IT', 'KEYS', 'LII', 'LULU', 'LVS', 'MSI', 'NDAQ', 'NFLX', 'ORLY', 'PCG', 'PFG', 'PODD', 'PWR', 'ROK', 'ROST', 'SBUX', 'SJM', 'SMCI', 'TJX', 'TPL', 'TT', 'UBER', 'VRT', 'WYNN', 'XYL']","['AIZ', 'ALGN', 'AMD', 'AMZN', 'APP', 'BALL', 'BAX', 'BX', 'BXP', 'CCI', 'CCL', 'CHTR', 'COHR', 'COIN', 'CPAY', 'CRWD', 'CVNA', 'D', 'DASH', 'DDOG', 'DOW', 'DVA', 'ECHO', 'ESS', 'EW', 'FIS', 'GNRC', 'GPN', 'HAS', 'HPQ', 'INTC', 'IP', 'LITE', 'LYV', 'MDT', 'META', 'MRVL', 'MU', 'NEM', 'PSKY', 'STX', 'SWK', 'TSLA', 'TSN', 'VZ', 'WBD', 'WDC', 'WST', 'XYZ', 'ZBRA']"
2022-12-31,50,50,"['ACGL', 'AES', 'AMP', 'APA', 'APO', 'AXON', 'BA', 'BIIB', 'CAH', 'CAT', 'CEG', 'COP', 'DE', 'DECK', 'DHI', 'DXCM', 'EME', 'FICO', 'FIX', 'FLEX', 'FSLR', 'GE', 'GILD', 'GPC', 'HCA', 'HUBB', 'IBKR', 'ISRG', 'IT', 'JBL', 'JCI', 'LVS', 'MPC', 'NFLX', 'ORLY', 'PCG', 'PODD', 'RCL', 'ROST', 'SCHW', 'SLB', 'SMCI', 'STLD', 'TJX', 'TPL', 'UHS', 'URI', 'VRT', 'WYNN', 'XYL']","['AIZ', 'AMD', 'AMT', 'AMZN', 'APP', 'BALL', 'BAX', 'BX', 'BXP', 'CCI', 'CHTR', 'COHR', 'COIN', 'CPT', 'CRM', 'CRWD', 'CVNA', 'D', 'DASH', 'DDOG', 'DLR', 'EQR', 'ESS', 'EW', 'FDX', 'FIS', 'GNRC', 'GOOG', 'GOOGL', 'HAS', 'HPQ', 'INTC', 'INVH', 'LITE', 'LYV', 'META', 'NEM', 'NOW', 'PLTR', 'PSKY', 'STX', 'SWK', 'TSLA', 'TSN', 'VEEV', 'VZ', 'WBD', 'WDC', 'WELL', 'WST']"
2023-01-31,50,50,"['ACGL', 'AFL', 'AMP', 'APD', 'AXON', 'BA', 'BIIB', 'CAH', 'CAT', 'CEG', 'COP', 'DECK', 'DXCM', 'EG', 'EME', 'FCX', 'FICO', 'FLEX', 'FSLR', 'GE', 'GILD', 'HAL', 'IBKR', 'JBL', 'JCI', 'LVS', 'MPC', 'NFLX', 'PCG', 'PFG', 'PHM', 'RCL', 'REGN', 'RL', 'ROST', 'SBUX', 'SLB', 'SMCI', 'STLD', 'STT', 'TJX', 'TPR', 'UAL', 'UBER', 'UHS', 'ULTA', 'URI', 'VLO', 'VTRS', 'WYNN']","['AIZ', 'AMD', 'AMT', 'AMZN', 'APP', 'AVB', 'BALL', 'BAX', 'BXP', 'CCI', 'CNC', 'COHR', 'CRWD', 'CVNA', 'D', 'DASH', 'DDOG', 'EQR', 'EQT', 'ESS', 'EW', 'EXR', 'FDX', 'FFIV', 'FIS', 'FTNT', 'GNRC', 'GOOG', 'GOOGL', 'HAS', 'INTC', 'INVH', 'JKHY', 'LITE', 'LYV', 'MKC', 'MMM', 'MRVL', 'PLTR', 'STX', 'TECH', 'TRMB', 'TSLA', 'TSN', 'TTWO', 'TYL', 'VEEV', 'WELL', 'WST', 'ZBRA']"
2023-02-28,50,50,"['ACGL', 'AMP', 'APO', 'AXON', 'BIIB', 'BKNG', 'BLDR', 'CAT', 'CRH', 'DD', 'DECK', 'DHI', 'DXCM', 'EG', 'EME', 'ETN', 'FCX', 'FICO', 'FIX', 'FLEX', 'FSLR', 'GE', 'GILD', 'IBKR', 'IDXX', 'JBL', 'JPM', 'LVS', 'MGM', 'NFLX', 'NVDA', 'OMC', 'PCAR', 'PH', 'PHM', 'RCL', 'REGN', 'RL', 'ROST', 'SLB', 'SMCI', 'STLD', 'STT', 'SYK', 'TPR', 'UAL', 'UHS', 'URI', 'VRT', 'WYNN']","['AIZ', 'AKAM', 'AMT', 'AMZN', 'APP', 'BAX', 'BR', 'BXP', 'CCI', 'CF', 'CNC', 'CRWD', 'CVNA', 'CVS', 'D', 'DDOG', 'DLR', 'DPZ', 'DTE', 'DVN', 'EQT', 'ES', 'EVRG', 'EXE', 'EXR', 'F', 'FIS', 'GNRC', 'GOOG', 'GOOGL', 'HAS', 'IFF', 'INTC', 'JKHY', 'LITE', 'LNT', 'LYV', 'MTB', 'NEE', 'NRG', 'OXY', 'PYPL', 'SBAC', 'SO', 'TRMB', 'TSLA', 'TSN', 'TYL', 'VEEV', 'WSM']"
2023-03-31,50,50,"['ACGL', 'ADI', 'ALGN', 'AMAT', 'AMD', 'ANET', 'AOS', 'APTV', 'AVGO', 'AXON', 'BA', 'BKNG', 'BLDR', 'CCL', 'CRH', 'DD', 'DECK', 'DHI', 'DXCM', 'FCX', 'FDX', 'FICO', 'FIX', 'FSLR', 'GE', 'HCA', 'IDXX', 'JBL', 'LEN', 'LRCX', 'LVS', 'META', 'MGM', 'NFLX', 'NKE', 'NUE', 'NVDA', 'OMC', 'ORCL', 'PHM', 'RCL', 'SMCI', 'STLD', 'SYK', 'TER', 'TPR', 'UHS', 'URI', 'VRT', 'WYNN']","['AIZ', 'ALB', 'ALL', 'AMZN', 'APP', 'ARE', 'AVB', 'BAX', 'BXP', 'CF', 'CFG', 'CI', 'CNC', 'CPT', 'CRWD', 'CVNA', 'CVS', 'D', 'DDOG', 'DG', 'DVN', 'EQR', 'EQT', 'ESS', 'EXE', 'FIS', 'FITB', 'GEN', 'GNRC', 'HAS', 'HBAN', 'HRL', 'INVH', 'JKHY', 'KEY', 'LITE', 'LYV', 'MTB', 'NRG', 'PNC', 'PYPL', 'RF', 'SBAC', 'SCHW', 'TFC', 'TSLA', 'TSN', 'UNH', 'USB', 'WFC']"
2023-04-30,50,50,"['ACGL', 'ADI', 'ALGN', 'AMAT', 'AMD', 'ANET', 'AVGO', 'AXON', 'BA', 'BKNG', 'BLDR', 'CDNS', 'CHD', 'CMCSA', 'CMG', 'COO', 'CPRT', 'CRH', 'DASH', 'DECK', 'DHI', 'EQIX', 'FDX', 'FICO', 'GE', 'HCA', 'IDXX', 'LEN', 'LRCX', 'LVS', 'META', 'MPWR', 'MSFT', 'NKE', 'NVDA', 'NVR', 'PHM', 'PNR', 'PSKY', 'SBUX', 'SMCI', 'SYK', 'TDG', 'TKO', 'TPR', 'UHS', 'ULTA', 'WELL', 'WST', 'WYNN']","['ADM', 'ALB', 'APA', 'BAC', 'BXP', 'CEG', 'CF', 'CFG', 'CI', 'CNC', 'COIN', 'COP', 'CRWD', 'CVNA', 'CVS', 'D', 'DDOG', 'DVN', 'EQT', 'EXE', 'FIS', 'FITB', 'GEN', 'GM', 'HBAN', 'HII', 'HOOD', 'JKHY', 'KEY', 'KEYS', 'LHX', 'LITE', 'LUV', 'MOS', 'MTB', 'NCLH', 'NOC', 'NRG', 'PNC', 'PRU', 'RF', 'RJF', 'SCHW', 'SYF', 'TFC', 'TPL', 'TRMB', 'TSLA', 'USB', 'WRB']"
2023-05-31,50,50,"['ADBE', 'ALGN', 'AMAT', 'AMD', 'AMZN', 'APP', 'AVGO', 'BLDR', 'CDNS', 'CMG', 'COIN', 'CPRT', 'CRM', 'CRWD', 'CVNA', 'DDOG', 'DHI', 'DVA', 'FDX', 'FICO', 'FTNT', 'GE', 'GOOG', 'GOOGL', 'JBL', 'LEN', 'LRCX', 'META', 'MPWR', 'MRVL', 'MSFT', 'NFLX', 'NOW', 'NVDA', 'ORCL', 'PANW', 'PHM', 'PLTR', 'PNR', 'RCL', 'SMCI', 'SNPS', 'TDG', 'TKO', 'TTD', 'TTWO', 'UBER', 'VRT', 'WDAY', 'WST']","['A', 'ADM', 'AES', 'ALB', 'APA', 'ARE', 'BAC', 'BAX', 'BXP', 'CF', 'CFG', 'CI', 'CNC', 'CVS', 'DPZ', 'DVN', 'ERIE', 'EXE', 'FIS', 'FITB', 'GEN', 'HAL', 'HBAN', 'IFF', 'INCY', 'IVZ', 'KEY', 'LDOS', 'LHX', 'LUV', 'MET', 'MMM', 'MOS', 'MRNA', 'MTB', 'PFE', 'PFG', 'PNC', 'PRU', 'PSKY', 'RF', 'RJF', 'SBAC', 'SCHW', 'TFC', 'TPL', 'TSN', 'USB', 'WAT', 'WRB']"
2023-06-30,50,50,"['AAPL', 'ABNB', 'ADBE', 'ALGN', 'AMAT', 'AMD', 'AMZN', 'APP', 'ARES', 'AVGO', 'BLDR', 'CCL', 'CDNS', 'CMG', 'COHR', 'COIN', 'CPRT', 'CRH', 'CRM', 'CVNA', 'DAL', 'DASH', 'FDX', 'FTNT', 'GE', 'GNRC', 'JBL', 'LRCX', 'META', 'MPWR', 'MRVL', 'NCLH', 'NFLX', 'NOW', 'NVDA', 'ON', 'ORCL', 'PANW', 'PHM', 'PLTR', 'PNR', 'RCL', 'SMCI', 'TKO', 'TSLA', 'TTD', 'UAL', 'UBER', 'VRT', 'WST']","['A', 'ABBV', 'ADM', 'AES', 'ALL', 'AMCR', 'AMGN', 'APA', 'ARE', 'CCI', 'CF', 'CFG', 'CI', 'CIEN', 'CNC', 'CVS', 'D', 'DG', 'DOC', 'DVN', 'EL', 'ERIE', 'ES', 'FIS', 'FITB', 'HAL', 'HBAN', 'IFF', 'INCY', 'KEY', 'LDOS', 'MET', 'MMM', 'MOS', 'MRNA', 'NDAQ', 'NOC', 'NTRS', 'PFE', 'PNC', 'RF', 'RVTY', 'SBAC', 'SCHW', 'TFC', 'TPL', 'TSN', 'USB', 'WAT', 'WRB']"
2023-07-31,50,50,"['AAPL', 'ABNB', 'ADBE', 'ALGN', 'AMAT', 'AMD', 'APP', 'AVGO', 'BLDR', 'CCL', 'COIN', 'CPRT', 'CRM', 'CRWD', 'CVNA', 'DASH', 'DDOG', 'DELL', 'EME', 'FDX', 'FIX', 'FTNT', 'GE', 'GOOG', 'GOOGL', 'HUBB', 'JBL', 'LII', 'LLY', 'LRCX', 'META', 'MRVL', 'MSFT', 'NCLH', 'NVDA', 'ON', 'ORCL', 'PANW', 'PHM', 'PLTR', 'PWR', 'RCL', 'SMCI', 'TAP', 'TSLA', 'TTD', 'TTWO', 'UBER', 'VRT', 'WST']","['A', 'AES', 'ALB', 'AMCR', 'AMT', 'ARE', 'BMY', 'CCI', 'CFG', 'CIEN', 'CRL', 'CVS', 'D', 'DG', 'DIS', 'DOC', 'EL', 'FIS', 'FITB', 'GEN', 'HBAN', 'IFF', 'INCY', 'KEY', 'LITE', 'MET', 'MOS', 'MRNA', 'MTD', 'NDAQ', 'NEM', 'NKE', 'NTRS', 'PFE', 'PFG', 'PNC', 'PSKY', 'SBAC', 'SCHW', 'STT', 'T', 'TFC', 'TGT', 'TPL', 'TSN', 'ULTA', 'USB', 'VZ', 'WAT', 'WTW']"
2023-08-31,50,50,"['ADBE', 'AKAM', 'AMAT', 'AMD', 'AMZN', 'ANET', 'APP', 'AVGO', 'BLDR', 'BR', 'BRO', 'CCL', 'CEG', 'CRM', 'CRWD', 'CVNA', 'DASH', 'DELL', 'DPZ', 'EME', 'ETN', 'FICO', 'GE', 'GOOG', 'GOOGL', 'HAS', 'INTC', 'INTU', 'ISRG', 'JBL', 'KLAC', 'LII', 'LLY', 'LRCX', 'META', 'MSFT', 'NFLX', 'NOW', 'NVDA', 'ORCL', 'PHM', 'PLTR', 'RCL', 'SMCI', 'TTD', 'UBER', 'VRSK', 'VRT', 'VST', 'WDAY']","['A', 'AES', 'ALB', 'ALL', 'ARE', 'BAC', 'C', 'CAG', 'CCI', 'CFG', 'CTVA', 'CVS', 'DG', 'DIS', 'DLTR', 'ECHO', 'EL', 'ES', 'EXR', 'FITB', 'GIS', 'HBAN', 'IFF', 'INCY', 'KEY', 'KEYS', 'LHX', 'MOS', 'MRNA', 'MTB', 'MTD', 'NKE', 'NTRS', 'PNC', 'PODD', 'PSKY', 'PYPL', 'RF', 'RMD', 'SCHW', 'STLD', 'STT', 'T', 'TFC', 'TGT', 'TPR', 'ULTA', 'USB', 'WBD', 'XYZ']"
2023-09-30,50,50,"['ADBE', 'AKAM', 'AMZN', 'APO', 'APP', 'ARES', 'AVGO', 'BKR', 'BLDR', 'BR', 'BX', 'CASY', 'CCL', 'CEG', 'CHTR', 'COP', 'CVNA', 'DASH', 'DDOG', 'DELL', 'DLR', 'EME', 'EQT', 'ERIE', 'ETN', 'FICO', 'GOOG', 'GOOGL', 'HAL', 'HAS', 'HUBB', 'JBL', 'LII', 'LLY', 'MCK', 'META', 'MRVL', 'NCLH', 'NVDA', 'PHM', 'PLTR', 'RCL', 'SMCI', 'TAP', 'TTD', 'UBER', 'VRSK', 'VRT', 'VST', 'WSM']","['A', 'AES', 'ALB', 'AMCR', 'AMT', 'ARE', 'CAG', 'CCI', 'D', 'DG', 'DIS', 'DLTR', 'DXCM', 'EL', 'ES', 'EXR', 'FSLR', 'GEHC', 'GIS', 'HSY', 'IFF', 'INCY', 'KEYS', 'LVS', 'MGM', 'MOS', 'MRNA', 'MTD', 'NEE', 'NEM', 'NKE', 'NTRS', 'O', 'OMC', 'PODD', 'PSKY', 'PYPL', 'RMD', 'RTX', 'SBAC', 'SJM', 'T', 'TGT', 'TPR', 'ULTA', 'UPS', 'WBD', 'WYNN', 'XYZ', 'ZBRA']"
2023-10-31,50,50,"['ADBE', 'AIZ', 'AKAM', 'AMZN', 'ANET', 'APO', 'APP', 'AVGO', 'CCL', 'CEG', 'CI', 'COIN', 'CRWD', 'CVNA', 'DASH', 'DDOG', 'DECK', 'DELL', 'DLR', 'EME', 'EQT', 'ERIE', 'ETN', 'FIX', 'FLEX', 'HAL', 'JBL', 'KLAC', 'LII', 'LLY', 'MCK', 'META', 'MPC', 'MRVL', 'NFLX', 'NOW', 'NRG', 'NVDA', 'NWS', 'PANW', 'PLTR', 'RCL', 'SMCI', 'SNPS', 'TPL', 'TSLA', 'UBER', 'VRT', 'VST', 'WSM']","['A', 'AES', 'ALB', 'ALGN', 'ARE', 'BAX', 'CAG', 'CCI', 'CLX', 'D', 'DG', 'DLTR', 'DOC', 'DXCM', 'EL', 'ES', 'EW', 'EXR', 'FSLR', 'GIS', 'GPC', 'HSY', 'IFF', 'INCY', 'IVZ', 'LUV', 'LVS', 'MGM', 'MKC', 'MOS', 'MRNA', 'MTD', 'NEE', 'O', 'PODD', 'PSKY', 'PYPL', 'RMD', 'RVTY', 'SJM', 'TECH', 'TGT', 'TPR', 'TSN', 'ULTA', 'WBD', 'WYNN', 'XYZ', 'ZBH', 'ZBRA']"
2023-11-30,50,50,"['ADBE', 'AIZ', 'ANET', 'APO', 'APP', 'BR', 'BX', 'CBOE', 'CCL', 'CEG', 'COIN', 'CRH', 'CRWD', 'CVNA', 'DASH', 'DECK', 'DELL', 'DLR', 'DPZ', 'ERIE', 'EXPE', 'FICO', 'GDDY', 'INTC', 'INTU', 'KEY', 'KKR', 'LDOS', 'LII', 'LLY', 'LULU', 'MPC', 'NRG', 'NTAP', 'PANW', 'PCAR', 'PH', 'PHM', 'PKG', 'PLTR', 'PSX', 'RCL', 'STX', 'TRGP', 'TT', 'UBER', 'URI', 'VRT', 'VST', 'WSM']","['AES', 'ALB', 'ALGN', 'BIIB', 'BMY', 'CAG', 'CHRW', 'CPT', 'CTVA', 'DG', 'DOC', 'ECHO', 'EL', 'ES', 'EW', 'F', 'FSLR', 'FTNT', 'GEHC', 'GIS', 'HAS', 'HRL', 'HSY', 'INCY', 'JCI', 'KEYS', 'KVUE', 'LITE', 'LUV', 'LVS', 'MAA', 'MKC', 'MRNA', 'MTD', 'NEE', 'ON', 'PFE', 'PODD', 'RMD', 'RTX', 'RVTY', 'SJM', 'TECH', 'TKO', 'TPR', 'TXN', 'UAL', 'UDR', 'WYNN', 'ZBRA']"
2023-12-31,50,50,"['AIZ', 'AKAM', 'ALL', 'AMD', 'AMGN', 'ANET', 'APP', 'AVGO', 'AXON', 'BKNG', 'BX', 'CBOE', 'CEG', 'CFG', 'COIN', 'CRH', 'CRWD', 'CVNA', 'DASH', 'DELL', 'ERIE', 'EXPE', 'FICO', 'FITB', 'GDDY', 'GPN', 'HOOD', 'INTC', 'INTU', 'IT', 'KEY', 'KKR', 'LII', 'LULU', 'MPC', 'MU', 'NRG', 'NWS', 'PHM', 'PSX', 'SPG', 'STX', 'TT', 'UBER', 'URI', 'USB', 'VRT', 'VST', 'WDC', 'WSM']","['AEE', 'ALB', 'ALGN', 'AON', 'APTV', 'BAX', 'BF-B', 'BMY', 'CAG', 'COHR', 'CTVA', 'DAL', 'DG', 'EL', 'ES', 'EW', 'EXC', 'F', 'FOX', 'FOXA', 'FTNT', 'GIS', 'GLW', 'GNRC', 'GPC', 'HAS', 'HCA', 'HRL', 'HSY', 'JCI', 'KMB', 'KVUE', 'LUV', 'LVS', 'MKC', 'MRNA', 'NEE', 'ON', 'ORCL', 'PFE', 'PODD', 'RMD', 'RTX', 'SJM', 'TKO', 'TPR', 'UAL', 'UPS', 'WYNN', 'ZBH']"
2024-01-31,50,50,"['AIZ', 'AKAM', 'ALL', 'AMD', 'AMGN', 'ANET', 'APP', 'AVGO', 'AXON', 'CBOE', 'CEG', 'CIEN', 'COIN', 'COR', 'COST', 'CRM', 'CRWD', 'DECK', 'DELL', 'ERIE', 'FICO', 'FIX', 'GDDY', 'IBM', 'IT', 'KKR', 'LLY', 'MPC', 'NFLX', 'NOW', 'NRG', 'NVDA', 'NWS', 'PANW', 'PGR', 'PSX', 'REGN', 'SMCI', 'STX', 'T', 'TDG', 'TT', 'UBER', 'URI', 'VRT', 'VST', 'VZ', 'WDC', 'WRB', 'WSM']","['ADM', 'AEE', 'AES', 'ALB', 'ALGN', 'APA', 'APTV', 'BF-B', 'BG', 'BKR', 'BMY', 'CTVA', 'DD', 'DG', 'DLTR', 'DVN', 'ECHO', 'EL', 'EQT', 'ES', 'FSLR', 'FTNT', 'GNRC', 'HAS', 'HOOD', 'HRL', 'HUM', 'JCI', 'LVS', 'MKC', 'MOS', 'NCLH', 'NEE', 'NEM', 'ON', 'PFE', 'PLTR', 'PODD', 'PYPL', 'ROK', 'SLB', 'TECH', 'TKO', 'TSLA', 'TTD', 'UAL', 'UPS', 'WBD', 'XYZ', 'ZBRA']"
2024-02-29,50,50,"['ALL', 'AMD', 'ANET', 'APP', 'AVGO', 'AXON', 'AXP', 'C', 'CEG', 'CMG', 'COHR', 'COIN', 'COST', 'CRH', 'CRM', 'CRWD', 'CVNA', 'DASH', 'DECK', 'DELL', 'EME', 'ERIE', 'FICO', 'FIX', 'GDDY', 'GE', 'HLT', 'HOOD', 'KKR', 'META', 'MPWR', 'NFLX', 'NRG', 'NVDA', 'PCAR', 'PGR', 'PLTR', 'QCOM', 'RL', 'SMCI', 'TPR', 'TRV', 'TT', 'UBER', 'URI', 'VRT', 'VST', 'WRB', 'WSM', 'XYZ']","['ADM', 'AES', 'ALB', 'ALGN', 'APA', 'APD', 'APTV', 'AWK', 'BDX', 'BG', 'BIIB', 'BKR', 'BMY', 'CHRW', 'CHTR', 'CPT', 'CSCO', 'DE', 'DOC', 'DVN', 'ECHO', 'EQT', 'FOX', 'FOXA', 'FSLR', 'HAS', 'HSY', 'HUM', 'KDP', 'KVUE', 'LITE', 'MAA', 'MKC', 'MMM', 'MOS', 'MRNA', 'NEE', 'NEM', 'ON', 'PFE', 'PODD', 'PSKY', 'SJM', 'SLB', 'TKO', 'TPL', 'TSLA', 'UPS', 'WBD', 'WST']"
2024-03-31,50,50,"['ALL', 'AMD', 'ANET', 'APP', 'AVGO', 'AXON', 'AXP', 'BLDR', 'C', 'CEG', 'CMG', 'COF', 'COHR', 'COIN', 'CRH', 'CRWD', 'CVNA', 'DASH', 'DECK', 'DELL', 'DHI', 'DIS', 'EME', 'FIX', 'GDDY', 'GE', 'HOOD', 'KEY', 'KKR', 'KLAC', 'LEN', 'LRCX', 'META', 'MU', 'NFLX', 'NRG', 'NVDA', 'PCAR', 'PHM', 'QCOM', 'RL', 'SMCI', 'TGT', 'TPR', 'UBER', 'URI', 'VRT', 'VST', 'WSM', 'XYZ']","['AAPL', 'ADBE', 'ADM', 'AEE', 'ALB', 'APA', 'APD', 'APTV', 'AWK', 'BA', 'BDX', 'BF-B', 'BG', 'BIIB', 'BKR', 'BMY', 'CF', 'CHRW', 'CHTR', 'CMCSA', 'CSCO', 'CVX', 'ECHO', 'EQT', 'FOX', 'GILD', 'HAL', 'HAS', 'HRL', 'HSY', 'HUM', 'INCY', 'KDP', 'MOS', 'NEM', 'NKE', 'ON', 'PFE', 'PSKY', 'RVTY', 'SLB', 'TPL', 'TSLA', 'UNH', 'UPS', 'VRSK', 'VRSN', 'WBD', 'XEL', 'ZTS']"
2024-04-30,50,50,"['ALGN', 'AMD', 'APP', 'AVGO', 'AXON', 'AXP', 'BLDR', 'C', 'CEG', 'CMG', 'COHR', 'COIN', 'CRWD', 'CVNA', 'DAL', 'DASH', 'DDOG', 'DELL', 'DPZ', 'DVA', 'EME', 'ETN', 'FITB', 'FIX', 'GDDY', 'GE', 'GM', 'GNRC', 'HOOD', 'IR', 'KKR', 'LRCX', 'MU', 'NRG', 'NVDA', 'PWR', 'QCOM', 'RCL', 'RMD', 'SMCI', 'SYF', 'TDG', 'TT', 'UBER', 'URI', 'VRT', 'VST', 'WDC', 'WSM', 'XYZ']","['ADBE', 'ADM', 'AKAM', 'ALB', 'AMT', 'AON', 'APA', 'APD', 'APTV', 'BA', 'BDX', 'BF-B', 'BG', 'BIIB', 'BKR', 'BMY', 'CHRW', 'CHTR', 'CMCSA', 'CSCO', 'EG', 'EQIX', 'EQT', 'EXC', 'FDS', 'GILD', 'GL', 'HAL', 'HUM', 'INCY', 'INTC', 'JBHT', 'JBL', 'LULU', 'LVS', 'MOS', 'NKE', 'ODFL', 'PFE', 'SBAC', 'SBUX', 'SLB', 'STE', 'TPL', 'TSLA', 'UNH', 'VRSK', 'VRSN', 'WBD', 'XEL']"
2024-05-31,50,50,"['AMAT', 'APH', 'APP', 'AVGO', 'AXP', 'CEG', 'CMG', 'COHR', 'COIN', 'COST', 'CVNA', 'DECK', 'DELL', 'DVA', 'ECHO', 'EME', 'ETN', 'FCX', 'FIX', 'FLEX', 'FSLR', 'GDDY', 'GE', 'GM', 'HOOD', 'HWM', 'IBKR', 'KLAC', 'META', 'MRNA', 'MU', 'NRG', 'NVDA', 'PWR', 'QCOM', 'RL', 'SMCI', 'SW', 'TDG', 'TER', 'TKO', 'TPR', 'TSCO', 'TT', 'URI', 'VRT', 'VST', 'WAB', 'WDC', 'WSM']","['ACN', 'ADBE', 'ADM', 'ADSK', 'AKAM', 'AON', 'APA', 'BA', 'BF-B', 'BMY', 'CAH', 'CCI', 'CHTR', 'CLX', 'CRM', 'CSGP', 'CVS', 'DDOG', 'EQIX', 'EXPE', 'FDS', 'GILD', 'GL', 'GPN', 'HUM', 'INTC', 'JBHT', 'LH', 'LULU', 'MCD', 'MNST', 'MOS', 'NKE', 'ODFL', 'PODD', 'PPG', 'PSKY', 'ROK', 'SBAC', 'SBUX', 'SLB', 'TAP', 'TSLA', 'ULTA', 'UNH', 'UPS', 'VRSN', 'WBD', 'WDAY', 'XEL']"
2024-06-30,50,50,"['ACGL', 'AMAT', 'ANET', 'APH', 'APP', 'AVGO', 'BSX', 'CASY', 'CEG', 'CMG', 'COHR', 'CRWD', 'CVNA', 'DECK', 'DELL', 'DVA', 'EME', 'FANG', 'FIX', 'GDDY', 'GE', 'HOOD', 'HWM', 'IBKR', 'ISRG', 'KLAC', 'LDOS', 'LLY', 'LRCX', 'META', 'MU', 'NFLX', 'NRG', 'NTAP', 'NVDA', 'ORCL', 'PGR', 'PLTR', 'QCOM', 'SMCI', 'TER', 'TKO', 'TPL', 'TRGP', 'TT', 'TTD', 'VRT', 'VST', 'WDC', 'WSM']","['ADM', 'AKAM', 'ALB', 'APA', 'APTV', 'BA', 'BEN', 'BF-B', 'BLDR', 'BMY', 'CHTR', 'CSGP', 'CVS', 'DLTR', 'EL', 'EXPE', 'FDS', 'GILD', 'GL', 'GPN', 'HSIC', 'HUM', 'INTC', 'IVZ', 'JBHT', 'JBL', 'KEYS', 'KVUE', 'LULU', 'MCD', 'MNST', 'MOS', 'MSCI', 'NKE', 'ON', 'PLD', 'PPG', 'PSKY', 'SBAC', 'SBUX', 'SWK', 'TAP', 'TDY', 'TSLA', 'ULTA', 'VRSN', 'WBD', 'WDAY', 'WY', 'XYZ']"
2024-07-31,50,50,"['ANET', 'APP', 'AVGO', 'BKR', 'CASY', 'CEG', 'COHR', 'COIN', 'CVNA', 'DD', 'DELL', 'EBAY', 'ECHO', 'EME', 'FANG', 'FIX', 'FLEX', 'FSLR', 'GDDY', 'GE', 'GNRC', 'GRMN', 'GS', 'HOOD', 'HWM', 'IBKR', 'IRM', 'JCI', 'KKR', 'KLAC', 'LII', 'MMM', 'MPWR', 'NEM', 'NRG', 'NTAP', 'NVDA', 'PEG', 'PLTR', 'PWR', 'TER', 'TPL', 'TRGP', 'TYL', 'UHS', 'VLTO', 'VRT', 'VST', 'WSM', 'ZBRA']","['ACN', 'ADBE', 'AKAM', 'ALB', 'ALGN', 'AMD', 'APTV', 'BA', 'BEN', 'BF-B', 'BIIB', 'CLX', 'CMCSA', 'CRWD', 'CVS', 'DG', 'DLTR', 'DRI', 'DXCM', 'EL', 'EW', 'EXPE', 'FDS', 'FTNT', 'GL', 'GPN', 'INTC', 'JBHT', 'JBL', 'KEYS', 'KVUE', 'LULU', 'LUV', 'LVS', 'MCD', 'MSCI', 'NKE', 'NUE', 'PPG', 'PSKY', 'SBUX', 'SJM', 'TAP', 'TTWO', 'ULTA', 'WBD', 'WDAY', 'WST', 'WYNN', 'ZBH']"
2024-08-31,50,50,"['AFL', 'APP', 'CARR', 'CFG', 'CHRW', 'CPT', 'CVNA', 'DOC', 'ECHO', 'ESS', 'FICO', 'FOX', 'FOXA', 'FSLR', 'GDDY', 'GE', 'GLW', 'GNRC', 'GRMN', 'GS', 'HAS', 'HWM', 'IFF', 'IP', 'IRM', 'LMT', 'MAA', 'MMM', 'MO', 'MSI', 'NEE', 'NEM', 'NRG', 'NTAP', 'NVDA', 'PGR', 'PM', 'RCL', 'RMD', 'RTX', 'TER', 'TKO', 'TPL', 'TRGP', 'TYL', 'UHS', 'VST', 'VTR', 'WELL', 'WMT']","['ABNB', 'ALB', 'ALGN', 'AMD', 'BA', 'BEN', 'BF-B', 'BLDR', 'CDNS', 'CRL', 'CRM', 'CRWD', 'CSGP', 'CVS', 'DDOG', 'DG', 'DIS', 'DLTR', 'DXCM', 'EL', 'EW', 'FTV', 'GL', 'GPN', 'HST', 'IDXX', 'IEX', 'INTC', 'JBHT', 'JBL', 'LRCX', 'LULU', 'LUV', 'LVS', 'MGM', 'MNST', 'MRNA', 'NKE', 'NUE', 'ODFL', 'PCAR', 'SMCI', 'TAP', 'TPR', 'ULTA', 'UPS', 'WBD', 'WST', 'WYNN', 'XYZ']"
2024-09-30,50,50,"['AAPL', 'AFL', 'ANET', 'APP', 'AVGO', 'BBY', 'CARR', 'CBRE', 'CEG', 'CHRW', 'COHR', 'CVNA', 'ECHO', 'ERIE', 'FICO', 'FOX', 'FOXA', 'FSLR', 'GDDY', 'GE', 'GEV', 'GLW', 'HAS', 'HWM', 'IRM', 'KKR', 'LITE', 'LMT', 'MMM', 'MPWR', 'NEE', 'NEM', 'NRG', 'NVDA', 'ORCL', 'PEG', 'PLTR', 'PM', 'PODD', 'T', 'TKO', 'TPL', 'TRGP', 'TSLA', 'TT', 'TYL', 'VST', 'VTR', 'WELL', 'WMT']","['ABNB', 'ALB', 'ALGN', 'APA', 'BA', 'BEN', 'CDNS', 'COIN', 'COP', 'CRL', 'CRWD', 'CSGP', 'CVS', 'DG', 'DIS', 'DLTR', 'DPZ', 'DVN', 'DXCM', 'EL', 'EW', 'F', 'GPN', 'HAL', 'HST', 'INTC', 'JBHT', 'LRCX', 'LULU', 'MGM', 'MLM', 'MNST', 'MOS', 'MPC', 'MRK', 'MRNA', 'MU', 'NUE', 'OXY', 'PCAR', 'PSX', 'SLB', 'SMCI', 'STLD', 'TAP', 'ULTA', 'VLO', 'WST', 'XYZ', 'ZBH']"
2024-10-31,50,50,"['ANET', 'APP', 'BX', 'CBRE', 'CCL', 'CEG', 'CHRW', 'CIEN', 'COHR', 'CVNA', 'ECHO', 'ETR', 'FFIV', 'FICO', 'FOX', 'FOXA', 'GDDY', 'GEN', 'GEV', 'GILD', 'GL', 'GLW', 'GRMN', 'HOOD', 'HWM', 'INCY', 'IP', 'IRM', 'KKR', 'KMI', 'LITE', 'MTB', 'NFLX', 'NVDA', 'ORCL', 'PLTR', 'PM', 'RCL', 'T', 'TMUS', 'TPL', 'TRGP', 'TSLA', 'TTD', 'UAL', 'VST', 'VTR', 'WELL', 'WMB', 'WMT']","['ABNB', 'ALB', 'ALGN', 'APA', 'APTV', 'BALL', 'BG', 'BIIB', 'CDW', 'CMG', 'CNC', 'COIN', 'COP', 'CRL', 'CSGP', 'CVS', 'DG', 'DIS', 'DLTR', 'DPZ', 'DVN', 'DXCM', 'EL', 'ELV', 'EW', 'F', 'GPC', 'GPN', 'HAL', 'HII', 'HRL', 'HUM', 'IDXX', 'INTC', 'LRCX', 'LULU', 'MCHP', 'MOS', 'MPC', 'MRK', 'MRNA', 'NKE', 'NUE', 'OXY', 'PSX', 'SLB', 'SMCI', 'SWKS', 'VLO', 'WST']"
2024-11-30,50,50,"['ADSK', 'APO', 'APP', 'AXON', 'BMY', 'BX', 'CBRE', 'CCL', 'CIEN', 'COHR', 'CPAY', 'CRM', 'CVNA', 'DASH', 'ETR', 'EXPE', 'FFIV', 'FICO', 'FISV', 'FIX', 'FTNT', 'GDDY', 'GEV', 'GILD', 'HOOD', 'IBKR', 'IRM', 'KKR', 'KMI', 'LITE', 'LYV', 'MTB', 'NCLH', 'NDAQ', 'NOW', 'OKE', 'ORCL', 'PLTR', 'PODD', 'RCL', 'RF', 'SYF', 'TMUS', 'TPL', 'TPR', 'TRGP', 'TSLA', 'UAL', 'VST', 'WMB']","['ADM', 'AES', 'ALB', 'AMAT', 'AMD', 'AOS', 'APA', 'APTV', 'BA', 'BALL', 'BG', 'BIIB', 'CDW', 'CNC', 'DG', 'DLTR', 'DOW', 'DVN', 'DXCM', 'EL', 'ELV', 'EW', 'FCX', 'FSLR', 'GPC', 'HAL', 'HII', 'HUM', 'IDXX', 'INTC', 'KLAC', 'LRCX', 'LYB', 'MCHP', 'MOS', 'MPC', 'MPWR', 'MRK', 'MRNA', 'MTD', 'MU', 'NKE', 'NXPI', 'OXY', 'QCOM', 'REGN', 'SMCI', 'TER', 'TGT', 'VLO']"
2024-12-31,50,50,"['APO', 'APP', 'ARES', 'AVGO', 'AXON', 'BMY', 'BX', 'CBRE', 'CCL', 'CIEN', 'CVNA', 'DASH', 'ETR', 'EXPE', 'FFIV', 'FICO', 'FISV', 'FIX', 'FOX', 'FOXA', 'FTNT', 'GDDY', 'GEV', 'GILD', 'GL', 'HOOD', 'HWM', 'IBKR', 'JBL', 'KKR', 'KMI', 'LITE', 'LYV', 'MRVL', 'NCLH', 'NOW', 'PLTR', 'PYPL', 'RCL', 'RL', 'STT', 'SYF', 'TPL', 'TPR', 'TRGP', 'TSLA', 'UAL', 'VST', 'WBD', 'WMT']","['ADBE', 'AES', 'AMAT', 'AMD', 'AOS', 'APA', 'BG', 'BIIB', 'CDW', 'CVS', 'DELL', 'DG', 'DLTR', 'DOW', 'DPZ', 'DVN', 'DXCM', 'EL', 'ELV', 'EW', 'F', 'FANG', 'FCX', 'FSLR', 'HAL', 'HII', 'HUM', 'INTC', 'KLAC', 'LRCX', 'LYB', 'MCHP', 'MGM', 'MPC', 'MPWR', 'MRK', 'MRNA', 'MU', 'NUE', 'NXPI', 'OXY', 'PSX', 'QCOM', 'REGN', 'SLB', 'SMCI', 'SNPS', 'UBER', 'VLO', 'WDC']"
2025-01-31,50,50,"['APO', 'APP', 'AVGO', 'AXON', 'BSX', 'CCL', 'CEG', 'CIEN', 'CRWD', 'CVNA', 'DAL', 'DASH', 'ECHO', 'EQT', 'ETR', 'FFIV', 'FOX', 'FTNT', 'GDDY', 'GEV', 'HOOD', 'IBKR', 'JBL', 'LITE', 'LULU', 'LYV', 'META', 'MRVL', 'NCLH', 'NFLX', 'NRG', 'PLTR', 'PODD', 'RCL', 'RJF', 'RL', 'SBUX', 'SYF', 'TKO', 'TPL', 'TPR', 'TRGP', 'TRMB', 'TSLA', 'UAL', 'VRT', 'VST', 'WMT', 'WSM', 'XYZ']","['ADBE', 'AES', 'AMD', 'AOS', 'APA', 'BF-B', 'BG', 'BIIB', 'CCI', 'CMCSA', 'CNC', 'CRL', 'DG', 'DHI', 'DHR', 'DLTR', 'DOW', 'DVN', 'EA', 'EIX', 'ELV', 'FANG', 'FCX', 'FSLR', 'GPC', 'HAL', 'HII', 'HSY', 'HUM', 'INTC', 'IQV', 'LEN', 'LYB', 'MCHP', 'MGM', 'MPC', 'MPWR', 'MRNA', 'MU', 'NUE', 'NXPI', 'ON', 'OXY', 'PSX', 'REGN', 'SMCI', 'STZ', 'SWKS', 'TXT', 'VLO']"
2025-02-28,50,50,"['APO', 'APP', 'AXON', 'BNY', 'C', 'CCL', 'CIEN', 'COF', 'CRWD', 'CVNA', 'DAL', 'DASH', 'ECHO', 'EQT', 'ETR', 'EXE', 'EXPE', 'FFIV', 'FISV', 'FOX', 'FOXA', 'FTNT', 'GEV', 'GILD', 'HOOD', 'HWM', 'IBKR', 'JBL', 'LULU', 'LYV', 'MS', 'NFLX', 'PLTR', 'PODD', 'RCL', 'RJF', 'RL', 'T', 'TMUS', 'TPL', 'TPR', 'TRGP', 'TSLA', 'TTWO', 'UAL', 'V', 'VST', 'WBD', 'WFC', 'WSM']","['ADBE', 'ADM', 'AES', 'AKAM', 'ALGN', 'AMAT', 'AMD', 'AOS', 'APA', 'BF-B', 'BG', 'BIIB', 'BLDR', 'CDW', 'CNC', 'DHI', 'DHR', 'DOW', 'EFX', 'EIX', 'EL', 'ELV', 'FANG', 'FSLR', 'HCA', 'HII', 'HUM', 'IFF', 'IQV', 'LEN', 'LMT', 'LYB', 'MCHP', 'MPWR', 'MRK', 'MRNA', 'NEM', 'NVR', 'ON', 'PHM', 'REGN', 'STZ', 'SWKS', 'TER', 'TTD', 'TXT', 'UHS', 'UNH', 'VTRS', 'WST']"
2025-03-31,50,50,"['AJG', 'APP', 'AXON', 'AZO', 'BKR', 'BMY', 'CAH', 'CME', 'CNP', 'COR', 'CRWD', 'DASH', 'DRI', 'EQT', 'ETR', 'EXE', 'FFIV', 'FISV', 'FOX', 'FOXA', 'FTNT', 'GILD', 'GL', 'GRMN', 'HOOD', 'HWM', 'KMI', 'MCK', 'MO', 'NFLX', 'ORLY', 'PLTR', 'PM', 'RSG', 'SCHW', 'T', 'TKO', 'TMUS', 'TPL', 'TPR', 'TRGP', 'TTWO', 'UAL', 'V', 'VRSN', 'WBD', 'WELL', 'WFC', 'WMB', 'WRB']","['ADBE', 'AES', 'ALB', 'ALGN', 'AMAT', 'AMD', 'AOS', 'BBY', 'BF-B', 'BIIB', 'BLDR', 'CDW', 'COHR', 'COO', 'CRL', 'DECK', 'DHI', 'DHR', 'DOW', 'EIX', 'EL', 'FCX', 'FSLR', 'HPE', 'IFF', 'IQV', 'IRM', 'LEN', 'LYB', 'MCHP', 'MGM', 'MPWR', 'MRNA', 'NKE', 'NTAP', 'NVR', 'ON', 'PHM', 'REGN', 'STZ', 'SWK', 'SWKS', 'TECH', 'TER', 'TGT', 'TTD', 'VRT', 'VTRS', 'WST', 'ZBRA']"
2025-04-30,50,50,"['APP', 'AXON', 'AZO', 'BA', 'BSX', 'CAH', 'CHTR', 'CME', 'CNP', 'COR', 'CPRT', 'CRWD', 'CVS', 'DASH', 'DG', 'DLTR', 'DPZ', 'DRI', 'EBAY', 'EQT', 'EXC', 'EXE', 'FOX', 'FOXA', 'FTNT', 'GEV', 'GILD', 'HII', 'HOOD', 'HWM', 'IBM', 'JBL', 'KR', 'MCK', 'NFLX', 'NRG', 'ORLY', 'PGR', 'PLTR', 'PM', 'ROL', 'RSG', 'T', 'TKO', 'TPR', 'TTWO', 'V', 'VRSN', 'WMT', 'WRB']","['AES', 'ALB', 'AMD', 'APA', 'ARE', 'BBY', 'BIIB', 'BLDR', 'COHR', 'CRL', 'DAL', 'DECK', 'DELL', 'DHI', 'DOW', 'EIX', 'FANG', 'FSLR', 'GNRC', 'GPN', 'HAL', 'HPQ', 'IQV', 'IRM', 'JBHT', 'LEN', 'LVS', 'LYB', 'MAS', 'MCHP', 'MRNA', 'MRVL', 'NCLH', 'NDSN', 'NKE', 'ODFL', 'OMC', 'ON', 'REGN', 'SWK', 'SWKS', 'TECH', 'TER', 'TGT', 'TTD', 'UNH', 'UPS', 'VTRS', 'WST', 'ZBRA']"
2025-05-31,50,50,"['APH', 'APP', 'APTV', 'AVGO', 'AZO', 'BA', 'CAH', 'CEG', 'CME', 'CRWD', 'CVNA', 'DG', 'DLTR', 'DRI', 'EBAY', 'EQT', 'EXE', 'FOXA', 'GE', 'GEV', 'GILD', 'HCA', 'HOOD', 'HWM', 'IDXX', 'INTU', 'JBL', 'JCI', 'KLAC', 'MOS', 'MPWR', 'NEM', 'NFLX', 'NRG', 'PLTR', 'PM', 'PODD', 'RL', 'RSG', 'SMCI', 'STX', 'T', 'TDG', 'TPR', 'TTWO', 'UBER', 'ULTA', 'VEEV', 'VRSN', 'WRB']","['ALB', 'APO', 'ARE', 'BBY', 'BLDR', 'BX', 'COHR', 'COO', 'CRL', 'DECK', 'DHI', 'DOW', 'ECHO', 'EIX', 'FDX', 'FICO', 'FISV', 'GNRC', 'GPN', 'HAL', 'HPQ', 'IQV', 'JBHT', 'KKR', 'LEN', 'LYB', 'MRNA', 'MRVL', 'NCLH', 'NUE', 'ODFL', 'OKE', 'OMC', 'ON', 'PHM', 'REGN', 'STZ', 'SWK', 'TECH', 'TER', 'TGT', 'TMO', 'TPL', 'TTD', 'UNH', 'UPS', 'VTRS', 'WST', 'XYZ', 'ZBRA']"
2025-06-30,50,50,"['APH', 'AXON', 'CAH', 'CASY', 'CEG', 'COIN', 'COR', 'CRWD', 'CTVA', 'CVNA', 'CVS', 'DASH', 'DG', 'DLTR', 'FLEX', 'GE', 'GEV', 'HAS', 'HCA', 'HII', 'HOOD', 'HWM', 'IBM', 'IDXX', 'JBL', 'JCI', 'KLAC', 'LRCX', 'MCK', 'MOS', 'MU', 'NEM', 'NFLX', 'NRG', 'ORCL', 'PLTR', 'PM', 'RCL', 'RTX', 'SMCI', 'STX', 'T', 'TKO', 'TPR', 'TTWO', 'UBER', 'VEEV', 'VRSN', 'VST', 'WDC']","['AAPL', 'AKAM', 'ALB', 'APA', 'ARE', 'BBY', 'BDX', 'BF-B', 'BIIB', 'BLDR', 'CAG', 'CLX', 'COO', 'CRL', 'CRM', 'DAL', 'DECK', 'DOW', 'EIX', 'FDX', 'GIS', 'GPN', 'HAL', 'HPQ', 'IQV', 'LULU', 'LYB', 'MRK', 'MRNA', 'MRVL', 'NCLH', 'OKE', 'ON', 'PCG', 'REGN', 'STZ', 'SW', 'TECH', 'TER', 'TGT', 'TMO', 'TSLA', 'TTD', 'UAL', 'UNH', 'UPS', 'VTRS', 'WST', 'XYZ', 'ZBRA']"
2025-07-31,50,50,"['ALLE', 'AMD', 'APH', 'AVGO', 'BA', 'CAH', 'COIN', 'CVNA', 'DASH', 'DELL', 'DG', 'DLTR', 'EBAY', 'EME', 'FAST', 'FIX', 'GE', 'GEV', 'GNRC', 'HAS', 'HII', 'HOOD', 'HSY', 'HWM', 'IDXX', 'INTU', 'JBL', 'JCI', 'LHX', 'LITE', 'MCHP', 'MOS', 'MSFT', 'NEM', 'NRG', 'NVDA', 'ORCL', 'PLTR', 'PM', 'PWR', 'ROK', 'SMCI', 'STX', 'TEL', 'TPR', 'UBER', 'VRSN', 'WBD', 'WDC', 'WYNN']","['A', 'ACN', 'AKAM', 'ALGN', 'BAX', 'BBY', 'BDX', 'BLDR', 'BMY', 'CAG', 'CHTR', 'CLX', 'CMG', 'CNC', 'COO', 'CPRT', 'CRM', 'DAL', 'DECK', 'DOW', 'DVA', 'ELV', 'FICO', 'FISV', 'FTV', 'GDDY', 'GPN', 'HPQ', 'IEX', 'IT', 'LULU', 'LYB', 'MRK', 'MRNA', 'MRVL', 'PYPL', 'RVTY', 'SWK', 'SWKS', 'TECH', 'TGT', 'TMO', 'TPL', 'TSLA', 'TTD', 'UNH', 'UPS', 'VTRS', 'WAT', 'WST']"
2025-08-31,50,51,"['ADM', 'ALLE', 'AMD', 'ANET', 'APH', 'APP', 'AVGO', 'AXON', 'BA', 'CCL', 'CDNS', 'COIN', 'CVNA', 'DG', 'DHI', 'DLTR', 'EA', 'EBAY', 'ECHO', 'EME', 'FIX', 'FLEX', 'FSLR', 'GE', 'GEV', 'GLW', 'GNRC', 'HII', 'HOOD', 'IDXX', 'LDOS', 'LHX', 'LITE', 'MOS', 'MPWR', 'NEM', 'NRG', 'NVDA', 'ORCL', 'PLTR', 'PWR', 'RCL', 'STX', 'TEL', 'ULTA', 'URI', 'VRT', 'VST', 'WDC', 'WYNN']","['ACN', 'ADBE', 'ALGN', 'ARE', 'BAX', 'BBY', 'BMY', 'BRO', 'CAG', 'CHD', 'CHTR', 'CLX', 'CMG', 'CNC', 'COO', 'DOW', 'DXCM', 'ELV', 'ERIE', 'FDS', 'FICO', 'FISV', 'FTNT', 'FTV', 'GDDY', 'GEHC', 'GIS', 'GPN', 'IEX', 'IFF', 'ISRG', 'IT', 'LLY', 'LULU', 'LYB', 'MRNA', 'MRVL', 'ODFL', 'OKE', 'REGN', 'RVTY', 'SBUX', 'TAP', 'TGT', 'TPL', 'TRGP', 'TTD', 'UNH', 'UPS', 'VRTX', 'WAT']"
2025-09-30,50,51,"['AMD', 'ANET', 'APH', 'APP', 'AVGO', 'CEG', 'CIEN', 'COHR', 'COIN', 'CVNA', 'DELL', 'ECHO', 'EME', 'FIX', 'FLEX', 'FSLR', 'GEV', 'GLW', 'GOOG', 'GOOGL', 'HOOD', 'HPE', 'IBKR', 'IVZ', 'JBL', 'KLAC', 'LITE', 'LRCX', 'MPWR', 'MU', 'NEM', 'NRG', 'NVDA', 'ORCL', 'PLTR', 'PSKY', 'PWR', 'RCL', 'SNDK', 'STX', 'TEL', 'TER', 'TPR', 'TSLA', 'URI', 'VRT', 'VST', 'WBD', 'WDC', 'WYNN']","['ACN', 'ALGN', 'BAX', 'BDX', 'BF-B', 'BMY', 'BRO', 'CAG', 'CHD', 'CHTR', 'CLX', 'CMG', 'CNC', 'COO', 'CPAY', 'CPRT', 'DOW', 'ELV', 'ERIE', 'FDS', 'FICO', 'FISV', 'GDDY', 'GPN', 'HRL', 'IFF', 'IT', 'JKHY', 'KDP', 'KVUE', 'LULU', 'LYB', 'MAA', 'MKC', 'MRSH', 'ODFL', 'OKE', 'PAYX', 'ROP', 'RVTY', 'SLB', 'STZ', 'TAP', 'TPL', 'TRGP', 'UDR', 'UNH', 'UPS', 'VRSK', 'VRTX', 'WAT']"
2025-10-31,50,51,"['ALB', 'AMD', 'ANET', 'APH', 'APP', 'AVGO', 'CAT', 'CCL', 'CEG', 'CHRW', 'CIEN', 'COHR', 'COIN', 'DDOG', 'DELL', 'ECHO', 'EL', 'EME', 'FIX', 'FLEX', 'FSLR', 'GEV', 'GLW', 'GOOG', 'GOOGL', 'HOOD', 'IBKR', 'INTC', 'IVZ', 'KLAC', 'LITE', 'LRCX', 'LVS', 'MPWR', 'MRVL', 'MU', 'NRG', 'NVDA', 'ORCL', 'PLTR', 'SMCI', 'SNDK', 'STX', 'TEL', 'TER', 'TPR', 'TSLA', 'VRT', 'WBD', 'WDC']","['AJG', 'ALGN', 'AMT', 'ARE', 'BAX', 'BF-B', 'BRO', 'CAG', 'CHTR', 'CI', 'CLX', 'CMCSA', 'CMG', 'CNC', 'CPAY', 'CPRT', 'DECK', 'DOW', 'DPZ', 'DXCM', 'EFX', 'ELV', 'ERIE', 'FDS', 'FICO', 'FIS', 'FISV', 'FTNT', 'GDDY', 'HRL', 'IFF', 'INVH', 'IT', 'KDP', 'KVUE', 'LULU', 'LYB', 'MAA', 'MRSH', 'OKE', 'PAYX', 'PGR', 'ROP', 'RSG', 'SBAC', 'STZ', 'TAP', 'TPL', 'UDR', 'VRSK', 'VRTX']"
2025-11-30,50,51,"['AES', 'ALB', 'AMAT', 'AMD', 'ANET', 'APA', 'APH', 'APP', 'AVGO', 'CAT', 'CHRW', 'CIEN', 'CMI', 'COHR', 'DD', 'ECHO', 'EL', 'EXPE', 'FIX', 'FSLR', 'GLW', 'GM', 'GOOG', 'GOOGL', 'HII', 'HOOD', 'IDXX', 'INCY', 'INTC', 'IQV', 'IVZ', 'KLAC', 'LITE', 'LLY', 'LRCX', 'LVS', 'MRVL', 'MU', 'NEM', 'NUE', 'REGN', 'SNDK', 'STX', 'TEL', 'TER', 'TMO', 'VRT', 'WBD', 'WDC', 'WYNN']","['ACN', 'ADBE', 'ADP', 'AJG', 'ALGN', 'ARE', 'AXON', 'BAX', 'BRO', 'CAG', 'CARR', 'CDW', 'CHTR', 'CLX', 'CMCSA', 'CMG', 'CNC', 'CPRT', 'CTAS', 'DECK', 'DXCM', 'EFX', 'ERIE', 'FDS', 'FFIV', 'FIS', 'FISV', 'FTNT', 'GDDY', 'HRL', 'INTU', 'IP', 'IT', 'KDP', 'KMB', 'KVUE', 'LULU', 'MOS', 'MRSH', 'NOW', 'PAYX', 'PGR', 'ROP', 'SMCI', 'STZ', 'SW', 'TPL', 'TTD', 'TYL', 'VRSK', 'ZTS']"
